age,co2
-51.03,368.02
-48.00,361.78
-46.28,359.65
-44.41,357.11
-43.08,353.95
-42.31,353.72
-41.13,352.42
-39.97,350.81
-39.41,349.80
-38.97,349.28
-38.07,347.60
-37.21,345.44
-36.62,344.72
-36.14,343.97
-35.76,343.11
-34.92,342.05
-33.08,341.33
-33.03,339.46
-29.14,334.85
-26.80,335.55
-26.67,332.37
-25.57,332.37
-24.13,331.55
-22.09,328.42
-22.04,330.35
-20.87,326.31
-20.66,326.65
-20.64,324.91
-20.22,324.56
-19.42,324.71
-18.98,325.08
-18.81,324.09
-18.54,320.38
-16.79,320.49
-16.55,322.17
-15.87,320.98
-15.30,319.20
-15.23,319.89
-13.56,319.12
-13.20,319.07
-12.62,318.61
-12.54,317.45
-12.40,319.14
-12.32,317.52
-11.72,316.59
-10.57,318.21
-10.31,313.09
-9.09,311.98
-8.56,316.33
-8.10,316.10
-7.87,314.57
-7.26,315.27
-7.20,316.33
-7.10,314.44
-6.16,315.34
-4.80,314.71
-3.79,313.17
-3.71,312.80
-3.56,312.22
-2.38,312.18
-0.25,312.00
0.33,313.66
1.23,309.69
2.29,311.57
3.34,310.36
3.37,312.87
4.38,312.56
4.44,311.97
4.61,311.81
5.04,310.44
5.24,311.28
5.49,310.22
6.43,312.36
7.79,311.88
7.96,312.84
8.22,312.39
9.16,311.80
9.25,307.74
10.03,309.80
10.41,310.95
10.78,311.21
11.03,310.46
11.84,308.48
11.87,311.94
12.13,311.52
12.23,312.33
13.14,307.41
14.13,309.34
14.29,307.26
14.94,306.32
16.12,309.63
16.41,307.08
17.22,305.94
17.46,308.28
17.71,308.26
19.17,305.74
20.61,305.38
21.26,305.78
21.46,305.71
21.84,305.67
22.20,308.02
24.69,304.97
25.25,304.72
27.16,306.20
27.49,303.18
30.29,301.88
31.33,304.61
32.13,303.85
34.21,301.92
35.61,300.70
37.48,301.30
38.71,299.26
38.90,297.73
39.28,298.11
40.24,297.87
41.48,301.50
44.23,299.63
44.46,297.33
44.65,299.02
46.09,295.99
48.30,295.61
49.82,294.22
51.06,297.05
51.34,295.28
56.24,293.81
56.34,293.17
56.94,295.32
57.12,294.86
57.61,295.17
60.13,290.92
60.99,292.34
62.61,294.34
64.40,288.12
65.82,289.23
66.21,289.76
67.08,292.46
70.05,287.77
73.09,289.33
76.26,291.56
77.17,286.66
79.96,286.33
80.34,287.99
81.59,289.54
82.27,287.99
83.26,285.05
85.87,286.65
87.02,285.35
88.17,287.17
91.16,286.63
93.38,283.16
95.28,285.57
96.29,288.05
98.89,285.47
99.17,288.79
99.74,284.00
102.68,286.84
104.10,283.62
105.35,283.18
105.54,283.53
106.71,281.58
109.17,283.65
113.30,284.15
116.82,283.82
117.13,285.09
123.08,285.91
125.26,281.36
136.34,284.43
150.66,282.80
153.53,280.40
154.06,282.30
155.90,281.62
169.70,273.07
170.51,280.24
176.54,277.86
186.30,276.40
187.12,277.16
197.87,278.00
198.07,276.46
200.88,277.60
208.74,276.81
216.13,278.31
226.99,277.01
227.14,278.27
255.93,277.36
260.26,276.32
268.11,276.66
300.90,278.02
310.19,276.69
321.40,273.78
340.54,271.11
346.58,275.07
359.01,279.36
361.82,281.11
376.99,282.57
390.14,281.83
400.35,283.53
420.32,283.95
448.47,283.12
480.60,280.31
500.84,282.23
521.20,279.73
539.14,279.70
559.67,280.91
601.15,278.36
619.88,284.07
642.55,281.58
671.80,278.43
690.49,282.20
698.73,282.41
739.05,283.69
750.19,284.54
784.02,283.97
803.71,284.51
834.39,282.84
850.59,283.09
879.80,282.84
900.82,280.97
909.92,280.92
930.73,280.06
932.42,279.80
967.35,278.74
992.35,277.41
1035.87,280.11
1074.59,279.42
1127.67,278.62
1156.90,279.72
1187.70,279.29
1219.57,279.99
1248.75,277.10
1280.82,278.45
1313.00,279.59
1335.48,277.87
1367.59,276.20
1392.53,278.46
1398.38,276.56
1432.04,276.79
1461.87,277.11
1513.06,280.00
1543.64,279.13
1565.77,277.25
1592.67,277.80
1632.45,281.69
1654.40,280.91
1675.56,280.24
1683.90,278.31
1709.40,280.25
1775.47,277.56
1796.47,278.07
1814.00,278.10
1846.00,277.50
1894.00,277.40
1920.00,277.90
1949.00,276.70
1999.71,278.00
2093.36,276.90
2234.24,276.70
2265.55,276.70
2414.32,277.60
2526.12,277.90
2628.02,273.90
2708.48,278.90
2801.76,275.30
2904.55,274.70
2948.82,276.30
3056.60,274.60
3255.73,276.30
3283.66,273.10
3431.12,274.00
3528.29,275.00
3644.46,273.40
3693.41,273.00
3806.86,271.50
3856.17,275.40
3968.95,274.90
4108.67,271.70
4205.84,271.60
4275.08,272.80
4342.82,271.50
4494.36,271.10
4592.82,269.10
4647.46,269.80
4773.00,271.50
4921.20,270.70
4981.58,269.30
5086.79,268.60
5218.57,269.80
5311.18,267.60
5357.55,265.30
5533.29,265.20
5581.30,267.60
5757.61,265.90
5852.26,265.50
5934.09,260.70
5999.38,266.70
6089.81,265.50
6301.96,263.20
6337.21,262.70
6401.24,261.20
6572.29,261.10
6682.55,259.40
6769.65,262.10
6880.31,262.90
6970.08,258.10
7038.27,257.60
7188.07,262.30
7274.01,263.00
7405.32,260.70
7497.87,258.40
7661.37,260.10
7719.59,260.40
7860.18,259.70
7926.37,259.20
7975.85,260.80
8116.28,259.60
8194.80,259.30
8351.88,258.30
8459.68,261.30
8546.58,260.70
8710.68,261.80
8781.28,259.00
8911.85,260.90
8992.99,260.40
9060.17,259.30
9143.01,262.00
9295.31,263.70
9361.12,263.80
9436.70,265.20
9518.06,260.60
9524.44,260.90
9555.86,263.00
9573.27,263.80
9901.04,264.40
9992.61,264.20
10134.50,264.00
10192.95,263.40
10299.55,265.70
10366.56,264.90
10505.55,267.50
10680.48,266.90
10801.81,266.00
10835.74,265.10
10954.48,267.60
11089.62,264.80
11161.06,264.80
11185.87,265.00
11200.58,265.30
11256.57,264.40
11316.98,264.10
11339.37,264.81
11383.16,264.84
11399.86,268.16
11417.45,264.48
11435.93,270.14
11453.06,268.87
11472.80,269.10
11490.45,267.17
11507.23,267.66
11523.93,269.51
11543.60,266.90
11559.61,262.74
11576.41,267.09
11592.24,260.70
11611.31,261.30
11628.97,266.22
11647.92,257.13
11664.54,247.55
11682.82,254.62
11701.44,253.99
11719.72,256.04
11740.65,255.89
11759.21,258.74
11780.72,258.25
11802.79,258.53
11820.50,257.17
11843.33,254.31
11863.12,253.63
11883.17,251.56
11904.91,255.90
11926.96,258.57
11948.09,248.92
11969.55,253.99
11990.69,255.39
12015.90,247.85
12037.32,248.41
12058.80,253.10
12079.85,251.03
12105.25,255.66
12124.58,253.02
12146.50,251.14
12168.48,251.42
12190.41,250.97
12211.34,249.65
12232.92,249.23
12256.48,248.95
12280.77,249.38
12301.04,248.92
12321.28,250.73
12343.12,246.97
12365.28,244.31
12388.31,243.00
12409.38,246.40
12431.93,247.67
12454.82,245.83
12475.39,246.18
12495.84,244.42
12521.35,246.74
12543.72,249.92
12564.62,244.27
12586.60,247.02
12607.64,248.09
12629.85,246.94
12653.64,243.95
12673.90,242.53
12697.14,244.24
12719.80,241.59
12739.91,247.30
12762.58,240.02
12785.63,241.50
12809.27,242.23
12830.15,242.15
12852.71,239.35
12873.98,241.24
12893.38,239.44
12917.11,238.79
12939.23,238.18
12959.75,240.71
12980.88,237.15
13001.06,239.42
13021.92,234.68
13043.69,238.86
13066.59,237.91
13088.22,241.56
13128.45,234.82
13172.67,236.91
13216.20,239.41
13266.97,240.42
13304.15,236.86
13418.10,237.83
13486.74,240.25
13531.75,235.83
13600.81,243.86
13645.35,238.55
13712.83,241.59
13758.73,241.11
13827.20,239.08
13871.57,237.95
13940.23,240.57
14001.79,235.92
14022.86,237.87
14060.09,241.27
14084.47,232.88
14120.06,236.40
14156.60,239.24
14179.55,239.36
14205.56,238.36
14237.45,236.60
14273.02,240.21
14298.72,239.04
14308.61,235.80
14343.16,242.08
14354.48,238.39
14374.99,240.33
14410.60,242.55
14422.23,242.60
14443.28,240.95
14463.58,238.61
14497.21,242.06
14520.85,241.14
14531.30,243.17
14541.66,235.83
14552.93,241.73
14563.52,239.86
14575.93,239.77
14586.19,237.97
14595.47,235.31
14606.21,237.59
14619.39,237.97
14629.99,240.10
14645.20,238.12
14652.26,234.62
14664.09,233.42
14675.12,234.34
14686.37,237.49
14696.69,228.91
14706.96,228.18
14718.12,230.53
14730.88,234.54
14743.19,231.48
14758.52,227.90
14763.41,224.64
14776.28,227.39
14787.83,227.79
14799.14,228.50
14810.61,227.58
14822.39,226.51
14834.75,228.40
14844.77,227.87
14857.53,233.17
14869.18,232.22
14880.66,227.85
14892.46,230.63
14904.21,228.72
14915.91,228.36
14929.02,228.47
14953.66,228.89
14976.48,229.79
14987.26,227.65
15011.48,228.37
15034.78,225.38
15072.53,228.99
15095.81,234.47
15133.53,229.67
15156.52,228.81
15181.11,227.84
15218.88,230.18
15243.44,228.27
15280.74,225.77
15320.94,227.64
15345.24,228.92
15382.85,225.39
15410.08,224.74
15462.93,223.27
15546.40,223.53
15649.43,222.76
15704.79,222.16
15767.68,224.86
15844.95,222.36
15920.25,223.51
15936.52,223.77
15995.49,223.72
15998.98,224.41
16014.67,222.39
16033.78,224.48
16083.00,224.24
16114.14,222.41
16151.21,224.86
16166.71,226.19
16187.46,221.49
16208.71,227.32
16222.96,223.24
16240.56,220.49
16260.73,218.56
16278.74,214.22
16296.96,212.84
16317.43,214.60
16337.25,212.43
16354.23,214.83
16374.89,211.21
16391.89,209.51
16410.71,212.95
16431.32,211.79
16458.38,217.19
16472.03,213.94
16509.93,207.95
16553.51,208.65
16590.01,208.46
16655.88,213.15
16733.53,210.25
16797.55,205.53
16869.32,205.19
16928.83,202.93
16994.77,204.32
17091.85,202.10
17163.70,198.63
17236.25,198.29
17287.90,195.88
17311.87,194.65
17360.50,190.50
17385.30,193.02
17410.03,191.89
17434.97,190.76
17460.99,193.00
17485.29,191.48
17510.87,191.59
17534.59,192.37
17561.46,192.62
17586.25,196.96
17612.00,195.79
17637.88,193.21
17665.06,194.38
17691.21,191.52
17717.05,189.52
17743.75,190.41
17769.71,191.70
17797.57,187.25
17825.43,191.21
17854.60,189.52
17881.00,190.26
17907.16,191.72
17935.99,188.54
17965.83,188.66
17992.04,188.96
18024.45,187.79
18050.09,187.73
18081.60,188.64
18110.63,188.59
18139.76,184.88
18173.16,189.01
18201.79,185.65
18232.18,188.88
18264.68,188.52
18295.81,189.03
18324.39,187.12
18360.35,188.73
18391.16,188.21
18422.43,188.47
18457.83,187.45
18486.59,187.09
18519.99,187.67
18582.94,188.57
18677.40,193.90
18747.05,191.27
18803.64,192.97
18835.15,188.44
18866.91,188.50
18993.82,192.71
19152.79,191.09
19282.16,191.58
19442.73,191.52
19568.15,188.95
19629.49,191.42
19791.19,193.60
19883.88,196.06
20018.70,193.72
20213.31,190.47
20407.60,189.99
20536.80,193.93
20666.49,187.76
20828.39,192.66
20964.43,190.87
21067.69,188.40
21212.70,190.05
21345.18,187.24
21562.85,185.23
21790.59,187.96
21913.63,190.78
22055.59,187.38
22230.89,191.27
22292.20,187.22
22347.60,187.02
22550.10,184.68
22604.10,185.21
22650.80,188.49
22749.30,190.01
22833.60,186.13
22994.00,189.40
23013.80,190.53
23107.30,190.08
23185.00,188.60
23276.70,197.67
23358.40,193.53
23445.20,186.78
23600.50,187.99
23873.80,183.13
24077.70,184.68
24269.80,186.73
24643.60,180.57
25163.60,180.69
25351.10,182.66
25543.60,183.38
25786.00,186.54
26016.00,184.52
26254.50,184.57
26315.00,183.77
26460.70,186.01
26537.10,185.51
26703.70,185.44
26857.80,186.43
26954.90,188.08
27042.00,187.39
27084.80,186.27
27170.20,194.93
27280.10,190.06
27441.90,191.95
27502.80,191.23
27549.70,191.53
27586.40,191.95
27661.30,191.46
27687.00,192.71
27714.10,190.61
27718.60,189.30
27820.70,187.59
27866.40,190.58
27885.00,189.28
27927.10,188.99
27973.20,189.29
28097.30,189.96
28214.10,191.82
28271.60,191.59
28369.70,192.63
28413.90,189.16
28426.90,189.65
28577.40,193.10
28626.40,192.82
28724.30,193.80
28841.90,193.89
28902.70,192.69
28948.60,193.26
29008.90,192.87
29150.70,192.26
29205.30,188.10
29249.60,192.39
29323.90,191.01
29366.10,189.83
29410.20,189.21
29609.20,189.24
29681.20,189.77
29742.80,191.28
29837.80,190.97
29952.10,191.38
29999.00,191.57
30101.50,188.25
30181.70,188.48
30277.90,186.52
30312.70,185.99
30400.50,184.30
30528.80,182.94
30713.00,187.14
30775.70,190.33
31105.20,188.00
31356.40,188.48
31524.10,189.95
31792.10,193.71
31818.40,192.93
31933.90,192.51
32026.90,193.33
32079.60,193.91
32147.50,196.42
32150.60,196.91
32307.90,192.47
32361.20,195.25
32434.80,194.11
32511.10,194.61
32594.60,194.43
32677.80,195.08
32714.10,195.94
32813.10,199.30
32880.90,196.70
33009.00,196.33
33148.30,197.65
33417.50,196.90
33491.40,197.13
33555.30,197.80
33758.10,200.03
33841.00,195.63
33885.70,195.27
33907.50,194.46
33925.90,194.47
33957.00,196.47
33991.50,195.41
34064.20,195.93
34190.30,194.89
34250.80,195.79
34312.80,196.27
34334.40,196.20
34556.90,199.65
34602.60,199.49
34620.00,200.29
34647.80,198.89
34710.60,197.16
34825.60,202.80
34866.80,203.09
35089.60,198.78
35165.80,203.60
35281.70,205.38
35337.00,204.47
35359.40,203.62
35383.00,201.36
35445.80,200.30
35497.10,201.06
35508.50,202.04
35530.70,201.89
35568.00,201.83
35672.50,201.81
35701.60,200.50
35854.60,203.29
35948.30,198.80
36086.50,204.12
36173.10,201.78
36261.80,200.09
36506.30,198.96
36591.80,205.10
36669.60,203.77
36712.80,203.75
36820.20,202.76
36939.80,203.51
37023.40,206.36
37118.60,210.16
37143.20,207.35
37296.50,208.25
37302.00,209.66
37338.10,206.59
37431.00,212.51
37461.30,209.84
37618.60,214.30
37647.50,212.14
37777.20,212.09
37895.00,214.21
38000.30,211.21
38088.50,214.36
38165.60,208.34
38192.40,206.52
38284.20,207.41
38359.20,208.00
38412.80,210.79
38472.90,207.23
38533.20,210.08
38573.60,208.23
38621.80,204.79
38670.80,204.46
38723.40,206.54
38812.60,206.09
38874.70,205.65
38955.60,205.99
38976.80,202.34
39053.60,204.28
39120.50,207.32
39265.70,208.69
39303.20,209.50
39319.90,209.33
39339.80,207.87
39379.40,204.78
39402.90,191.53
39454.40,198.14
39515.40,200.40
39621.00,195.70
39709.20,196.67
39757.10,193.58
39885.00,193.87
39900.50,197.55
40042.70,192.60
40112.10,193.08
40145.30,193.69
40308.40,197.90
40485.95,201.32
40553.44,201.48
40754.30,200.47
40907.39,200.97
41167.90,201.53
41303.59,204.19
41605.97,205.49
41759.21,201.12
41900.69,199.89
42315.82,200.90
42628.30,204.83
42849.87,206.35
42968.08,204.26
43171.89,203.16
43350.66,201.66
43515.82,204.22
43661.16,203.18
43809.01,201.69
44095.20,204.31
44204.45,202.00
44350.47,206.22
44490.50,204.83
44655.54,212.29
44816.01,210.44
44996.16,211.49
45142.02,207.95
45280.39,213.92
45460.32,214.50
45696.06,217.51
45877.11,222.72
46057.33,221.77
46181.26,219.25
46308.55,218.35
46635.90,216.42
46746.44,214.18
46887.94,210.84
47086.28,210.27
47314.98,207.60
47524.36,204.26
47710.39,203.79
47943.75,205.66
48223.18,206.18
48427.86,200.98
48987.95,201.58
49302.98,200.12
49462.66,204.06
49728.32,203.87
50006.51,204.38
50220.55,206.74
50527.41,207.41
51029.17,207.64
51431.45,211.57
51779.53,215.08
52086.82,213.82
52384.78,219.08
52573.68,220.72
52800.74,221.15
53108.25,223.72
53400.45,223.26
53806.25,221.14
54156.60,220.37
54387.13,217.96
54694.61,213.89
55014.49,216.86
55293.46,208.19
55553.13,214.78
55909.54,210.27
56237.13,207.67
56503.58,212.44
57210.94,215.70
57476.27,217.38
57843.72,223.72
58217.01,224.35
58433.32,223.15
59105.07,231.29
59380.41,226.35
59733.47,223.45
60109.88,216.66
60373.06,212.87
60516.63,217.25
60817.62,213.78
61060.88,207.95
61234.84,210.57
61554.11,210.90
61900.72,206.38
62552.01,202.56
62774.57,202.71
62960.90,200.15
63555.79,197.40
63896.88,197.24
64113.78,199.73
64657.29,203.70
64867.42,201.67
65046.72,199.17
65546.45,208.98
65764.51,198.17
65937.23,200.59
66439.31,204.39
66959.71,207.21
67314.59,201.14
67729.68,203.76
68146.19,200.17
68619.99,203.43
69081.53,205.42
69592.02,211.26
70052.16,215.55
70427.26,220.33
70928.87,225.17
71279.17,235.02
71693.65,237.56
72092.81,239.46
72490.15,232.79
72866.04,232.33
73219.32,230.89
73750.96,232.74
74221.48,231.33
74525.65,241.24
75067.95,243.27
75545.13,249.52
75850.65,249.94
76247.47,239.34
76696.74,238.01
77056.48,231.68
77615.92,224.92
78080.75,226.65
78507.95,224.14
78969.54,227.30
79410.36,229.26
79877.76,234.74
80330.36,230.60
80721.79,233.92
81206.94,230.33
81711.43,234.13
82068.79,238.89
82526.72,240.87
82988.26,246.32
83554.11,247.10
83940.90,250.79
84357.44,243.16
84936.77,238.42
85367.47,234.69
85890.69,228.76
86498.32,223.38
87027.64,221.06
87581.18,223.63
88136.18,217.80
88701.05,223.99
89244.72,227.38
89696.26,228.88
90317.29,229.74
90834.02,231.56
91445.03,231.12
91949.74,233.74
92667.82,232.46
93424.71,235.16
93823.21,238.21
94568.55,242.41
95234.11,242.91
95921.48,246.20
96474.88,245.76
97270.89,242.35
97927.46,239.86
98583.72,243.18
99361.42,242.99
100076.85,245.63
100543.18,247.87
101325.68,244.76
101971.89,240.07
102764.78,237.07
103308.74,240.68
104274.33,247.76
104331.23,238.88
104966.45,242.36
105507.15,248.78
105989.87,257.58
106256.38,241.40
106368.25,244.83
106974.82,240.34
108401.91,236.43
109129.42,244.44
109839.97,244.13
110555.36,246.69
111876.80,257.93
112636.06,256.79
112941.73,263.12
113119.27,264.75
113678.64,260.58
114250.00,267.90
114815.39,275.07
115446.67,276.96
115908.58,273.16
116475.58,273.63
117185.55,274.03
117619.36,274.98
118658.27,277.72
119242.52,267.74
119715.50,274.59
120144.12,268.73
120542.91,276.82
121426.02,279.48
121841.97,276.61
122100.00,278.25
122292.36,279.00
123013.95,279.16
123630.91,274.60
123959.48,275.87
124404.52,281.54
124817.45,275.52
125292.63,276.81
126013.70,275.15
126699.91,273.02
126962.03,274.93
127313.83,275.78
127503.55,276.88
128024.48,276.03
128172.67,280.72
128466.73,285.76
128878.00,271.08
129078.04,268.44
129655.64,260.61
130373.03,251.84
130818.36,250.84
131322.20,241.13
131976.24,232.28
132709.88,228.00
132931.96,224.63
133775.81,222.74
134522.28,212.43
136565.55,203.74
137763.42,199.18
138834.30,198.55
139949.97,192.75
142360.56,196.51
143651.30,194.59
144799.59,196.02
146108.24,193.59
148233.47,195.81
149466.15,201.78
150594.88,202.51
151444.85,202.35
153774.66,198.78
154889.13,196.30
156306.82,189.38
158666.00,189.00
159716.00,185.50
160155.00,187.50
163858.00,204.30
164334.65,196.50
166143.00,191.60
166784.00,190.10
167914.10,186.70
168745.50,183.80
169514.40,196.60
171939.00,197.80
174442.00,197.70
175833.35,196.00
176853.00,190.30
177533.93,189.40
177729.50,190.10
179873.00,207.70
181302.00,213.20
182196.00,217.70
183258.00,198.10
184371.00,199.70
186411.00,203.40
188437.00,210.70
189806.50,231.30
191254.50,231.40
191964.08,220.30
193074.50,218.00
195126.50,226.50
195799.50,220.00
197587.35,226.40
198327.45,241.20
198938.00,242.60
201752.00,250.90
202744.50,239.10
203842.00,247.60
205203.28,244.40
205575.76,231.90
205944.58,232.20
206359.94,228.60
206896.85,226.30
207240.30,229.40
207622.89,231.40
208108.78,238.10
208274.53,237.20
208821.57,230.00
209082.26,240.50
209445.04,242.20
209966.09,244.60
210175.17,243.90
210832.07,247.20
211058.47,252.00
211577.84,246.90
212078.75,239.50
212533.08,257.40
213330.35,243.40
214158.81,251.20
215080.75,241.40
215912.34,240.30
216306.15,242.60
216864.97,247.50
217415.64,251.70
217694.96,251.10
218200.79,245.30
219067.61,240.50
220935.62,214.10
221697.46,216.10
222539.58,207.10
223129.04,208.80
224271.51,205.60
226259.83,203.30
226849.84,215.70
227719.98,235.50
228439.42,234.50
228766.99,233.10
229572.05,224.50
231129.66,232.40
232191.77,233.90
232856.06,241.60
235990.86,245.20
236426.01,252.10
236850.80,241.40
237391.66,247.40
237905.53,243.10
238425.34,239.10
239008.26,245.60
239387.04,245.80
239738.66,247.40
240190.37,252.80
241333.05,259.70
241855.40,263.20
242685.46,279.00
243138.52,280.20
244121.77,263.70
244582.34,252.30
245057.01,249.90
245564.00,236.70
246188.81,230.40
246870.49,219.40
249099.87,214.70
251390.57,200.20
252132.26,213.90
252953.72,195.40
253756.68,196.70
254587.11,195.40
256298.66,199.00
257060.59,201.90
257908.07,204.00
259396.90,203.90
260894.24,209.60
261293.92,205.70
262054.58,208.90
262817.10,214.60
264583.76,228.10
266134.45,199.90
267007.00,211.70
268257.83,188.70
268995.50,187.20
269940.47,194.20
271036.04,198.80
272149.64,184.70
273165.83,190.40
274164.08,193.90
275154.64,194.10
276257.72,198.40
277443.00,193.20
278590.91,202.20
279619.05,204.50
280558.95,211.00
281400.74,215.30
282592.89,223.70
284434.68,231.30
285931.32,228.00
286609.96,226.40
287443.86,231.40
287820.05,230.40
288286.43,231.00
290184.50,234.90
290863.79,220.40
291562.87,217.10
292818.31,207.60
293650.74,206.00
294455.29,206.70
295364.23,212.70
296828.87,213.10
298704.62,217.10
299376.28,224.40
300115.87,231.00
301025.62,236.10
302084.19,239.00
303116.00,236.00
304100.92,240.20
305099.81,240.70
305778.15,250.20
306581.12,248.60
307463.27,244.80
308325.70,225.80
309423.73,227.80
310010.98,226.20
310776.10,233.20
311670.03,237.80
312593.43,239.00
313343.13,241.90
314051.85,251.60
314836.21,256.70
315657.52,257.10
316450.72,246.80
317149.87,272.60
317932.55,251.60
318852.60,245.20
319829.66,233.40
320916.34,255.80
321817.45,249.20
323383.35,257.20
324166.92,260.40
325007.41,260.30
325823.00,260.50
326591.09,266.20
327435.84,264.00
328086.81,266.10
328770.75,270.10
329414.29,271.90
330053.33,275.10
331293.55,265.00
332144.12,271.70
332798.62,272.60
333500.09,273.10
333997.56,282.40
334349.50,289.10
334543.89,288.40
335102.31,298.60
335707.51,278.10
336377.54,285.80
336867.82,278.60
337516.67,270.50
338213.50,255.70
338991.44,241.90
339983.89,239.60
340735.08,234.20
342791.56,250.10
343923.59,200.70
345000.85,205.20
346320.91,204.80
347544.81,211.90
349139.09,220.30
351676.35,221.10
353174.60,216.20
354412.98,209.40
355817.77,209.20
359010.38,193.00
360683.84,186.10
362567.60,185.80
365190.23,201.20
368065.90,206.30
371385.87,201.90
373457.62,199.90
375204.60,214.70
377034.88,224.60
378760.24,229.60
382931.49,227.00
384557.45,240.00
386283.71,239.10
387824.82,246.80
389410.21,245.80
392287.25,258.10
392977.15,259.50
394003.69,273.60
394906.10,260.70
398275.13,276.30
399926.16,277.10
400710.08,283.20
402140.92,283.10
402859.84,275.70
404313.30,276.50
405062.63,280.50
406542.80,279.60
407282.50,285.60
408818.72,284.50
409598.24,274.70
410453.80,282.60
411347.97,283.50
413258.65,274.90
414210.86,264.90
415179.59,271.60
415945.61,276.40
416425.32,271.70
417440.44,273.40
417956.78,271.80
418505.30,274.60
419575.78,273.70
420133.76,271.20
420701.76,273.80
421912.15,268.60
422532.65,266.40
423225.50,270.60
424507.75,267.70
425132.26,268.30
425740.91,270.80
426237.27,270.00
426621.56,265.40
427154.96,255.30
427941.40,252.10
428840.20,248.20
429178.36,242.50
431023.76,219.70
432179.31,227.20
433850.30,211.50
434379.07,207.60
435939.69,209.80
437485.42,207.50
439063.42,200.30
440659.58,201.70
442230.78,201.30
443844.65,202.00
445331.73,199.10
447219.18,201.10
448459.18,203.50
449571.04,208.10
450642.89,201.70
451747.28,201.20
452735.84,204.90
453775.64,201.90
454864.31,198.40
456001.61,193.30
457114.44,192.50
457745.13,199.10
458208.29,204.30
458794.01,203.30
459211.55,208.30
460252.21,202.40
461286.06,195.50
462414.10,190.70
463526.65,194.40
464599.47,199.90
465265.36,205.20
465601.73,210.00
466632.30,208.10
467706.64,204.40
468877.71,203.40
470040.13,205.50
470725.98,206.50
471200.79,215.50
471824.53,218.70
472263.07,229.20
472863.27,232.70
473217.82,243.70
473800.85,243.90
474092.36,245.60
474974.11,241.20
475925.20,233.10
476949.80,232.80
477941.00,236.60
478892.46,239.10
479402.95,236.50
479775.69,231.30
480328.30,220.80
480726.68,218.80
481662.96,223.80
482580.96,223.40
483395.38,227.30
484179.79,231.40
484936.18,231.40
485667.52,231.20
486398.67,233.00
487129.25,232.90
487848.07,231.30
488565.45,237.10
489302.09,242.00
489719.79,240.90
490026.29,252.80
490494.91,249.30
490733.95,242.60
491451.08,243.30
492154.55,246.70
492863.78,243.70
493593.11,239.70
494300.39,239.10
495024.13,238.30
495725.69,238.50
496444.07,237.60
497187.63,236.40
497965.98,236.50
498737.42,232.80
499526.78,230.60
500304.78,230.80
501083.96,228.20
501861.42,230.80
502637.64,231.20
503418.93,232.00
504177.19,232.20
504911.78,234.10
505684.24,233.90
506483.73,235.50
507312.40,236.00
508117.72,238.20
508940.98,237.00
509784.98,240.30
510652.33,233.40
511512.45,236.40
512363.78,235.20
513204.74,242.00
514033.12,238.20
514847.78,239.20
515650.78,241.50
516420.98,243.00
517154.98,247.20
517876.01,246.20
518600.46,245.50
519329.13,245.30
520073.36,247.70
520821.81,245.50
521574.47,243.50
523801.82,241.90
524570.87,236.80
525337.00,235.80
526107.00,233.70
526895.81,230.30
527698.69,227.80
528516.69,224.70
529403.43,222.70
530290.51,221.20
531201.38,220.30
532078.76,220.70
532592.53,214.50
532987.57,211.40
533554.37,204.40
533932.24,200.00
534668.18,195.10
535043.56,193.80
535695.05,190.50
536178.47,199.80
537334.47,199.40
538440.76,205.00
539513.82,206.40
540583.82,212.90
541653.82,211.20
542740.21,205.00
543844.87,203.60
544885.99,208.10
545864.91,210.30
546830.15,209.60
547806.68,209.70
548770.78,204.60
549720.11,202.50
550230.73,208.80
550582.55,213.60
551381.09,215.20
552111.09,219.90
552681.56,221.70
553020.92,222.30
553245.99,226.30
553619.39,222.10
553808.65,220.30
554479.62,223.60
555158.35,224.30
555842.35,226.70
556407.02,233.90
556923.29,241.00
557198.65,243.00
557385.05,249.10
557657.14,244.00
557838.21,250.50
558154.56,245.60
558306.02,240.40
558777.69,238.10
559316.01,234.50
559636.76,229.70
559872.62,230.20
560436.62,230.30
560965.60,228.30
561450.74,231.60
561888.07,231.90
562310.49,234.60
562655.60,234.10
563134.85,240.10
563535.74,242.30
563927.90,245.70
564310.56,245.80
564724.36,247.60
565134.30,251.40
565538.96,252.40
565895.64,252.60
566245.30,251.40
566588.64,253.70
566918.35,254.30
567239.49,253.90
567548.65,254.50
567884.89,253.20
568204.14,253.90
568534.24,252.80
568930.15,253.00
569314.59,250.20
569683.93,251.30
570067.25,250.00
570463.46,251.30
570862.13,251.80
571261.44,251.80
571633.36,249.60
571974.69,251.60
572315.50,250.30
572669.87,246.31
573053.52,247.66
573475.75,249.19
573913.02,248.72
574364.65,251.77
574806.00,251.86
575233.96,252.08
575654.53,248.86
576112.85,252.54
576599.10,252.90
577115.10,251.30
577653.85,251.34
578196.35,251.08
578742.35,249.06
579280.55,252.92
579833.12,251.47
580210.50,244.14
580401.78,243.81
580814.00,236.17
581118.65,230.26
581546.53,225.21
581928.30,219.41
582454.53,215.45
582836.30,209.88
583574.25,206.68
583958.80,210.64
586720.84,223.96
587171.85,225.99
587888.67,234.40
588279.35,238.78
588940.90,246.35
589425.35,250.20
590040.15,248.10
590488.80,243.56
591019.47,237.38
592383.47,225.68
592785.52,229.39
593561.25,233.16
594046.75,238.15
594863.81,237.98
595436.47,232.92
596221.56,221.22
596791.13,216.44
597803.61,216.27
598329.75,219.02
599218.22,225.97
599814.63,229.38
601255.15,232.45
602600.75,237.86
603949.15,239.14
605303.15,244.53
606625.91,248.48
607979.30,254.58
609247.30,259.22
610429.50,257.74
611551.01,257.82
611600.63,259.68
612761.97,258.14
613942.80,256.19
615140.60,252.75
616299.12,252.90
616356.60,252.73
617609.57,252.64
618953.75,248.29
620283.75,245.89
621651.45,243.53
622950.73,243.89
623054.95,239.19
624496.95,237.93
625397.92,235.02
626047.50,228.51
626969.43,215.71
627830.10,205.76
629139.62,199.52
629769.85,205.27
629866.10,200.78
631526.32,200.46
632356.94,196.50
634077.54,193.10
634881.14,195.95
635009.03,194.86
636521.56,194.00
637714.37,195.33
639418.27,188.85
640372.25,190.18
642074.60,191.38
642856.65,191.56
644300.83,195.31
645150.65,195.82
646376.95,189.89
647254.85,191.85
648612.42,193.48
649191.10,196.17
650348.46,189.25
650947.10,193.44
652104.26,187.27
652708.95,186.79
653730.25,192.87
654438.65,194.82
655524.35,200.00
656132.65,200.35
657181.09,192.93
657654.21,189.23
657722.00,190.88
658764.10,184.10
659293.82,187.38
659411.90,185.68
660463.55,188.43
661118.32,193.97
661215.90,191.59
662282.18,189.69
662796.61,193.91
662877.55,190.86
663937.52,191.02
664320.40,192.55
664408.09,187.77
665321.94,180.17
665836.52,180.54
666753.36,174.77
667409.86,173.71
668415.26,177.71
668915.54,180.67
669819.30,187.66
670296.32,191.51
671070.75,194.88
671457.93,196.83
672150.88,194.79
672761.38,197.13
673696.11,201.12
674229.38,204.67
675028.40,211.69
675406.53,216.12
676530.74,222.57
677152.31,219.96
677600.74,216.59
678328.18,218.21
678741.62,220.09
679455.37,229.16
679735.17,232.70
680312.58,233.61
680627.61,233.11
681225.67,225.81
681669.93,227.90
682343.71,221.31
682740.09,219.14
683457.86,220.24
683828.75,222.70
684423.68,225.64
684758.06,224.36
685294.84,221.82
685679.87,220.62
686269.11,220.63
686581.81,222.62
687154.04,222.70
687445.50,222.97
688000.38,226.73
688300.13,227.65
688809.87,227.64
689157.83,230.67
689693.26,232.07
689951.45,232.27
690474.65,235.80
690736.39,236.45
691221.83,239.29
691467.67,238.42
691967.96,239.38
692318.34,243.56
692832.46,239.30
693077.09,238.47
693574.04,243.70
693821.29,237.76
694280.35,239.34
694536.82,240.46
694949.14,239.31
695259.26,239.80
695732.31,236.80
695981.88,238.74
696434.89,238.05
696644.83,238.13
697090.29,239.44
697342.45,238.42
697746.68,239.88
698039.00,241.03
698505.54,240.90
698753.23,241.83
699215.75,238.86
699439.02,239.01
699864.71,239.73
700103.69,237.21
700485.02,236.72
700814.84,236.61
701268.53,235.42
701524.52,232.46
701993.15,230.88
702200.92,232.16
702734.27,232.18
703009.98,230.59
703468.52,233.35
703796.07,232.28
704250.52,232.83
704581.81,233.54
705053.34,234.04
705243.91,235.09
705726.95,237.18
706053.20,237.66
706492.95,236.05
706710.74,236.05
707310.70,238.85
707643.73,233.51
708199.68,233.58
708413.45,233.11
708959.15,234.84
709453.79,231.43
709909.55,230.51
710456.45,227.03
710983.36,224.90
711399.04,225.39
712021.47,224.12
712243.73,224.00
713312.50,223.89
714065.58,227.64
714403.80,227.08
715115.73,223.14
715565.38,227.58
716310.16,213.60
716585.91,210.51
717348.27,198.43
717955.48,189.88
718778.35,193.46
719287.18,200.82
720087.29,212.03
720590.76,217.04
721407.52,219.20
721689.86,218.96
722505.81,216.10
722994.59,212.11
723780.23,212.55
724142.00,214.01
724975.36,210.48
725474.43,211.49
726249.59,211.08
726576.86,211.43
727898.50,210.07
728593.90,210.24
728987.53,211.08
729836.94,210.01
730260.31,212.17
730908.31,210.16
731184.23,210.70
731861.00,211.62
732321.75,213.73
732993.50,208.11
733329.00,207.72
734022.23,210.60
734462.62,216.15
735134.57,214.66
735409.91,217.88
736107.31,217.19
736522.22,213.14
737269.82,206.92
737660.12,204.52
738580.99,191.74
739174.56,185.61
740106.45,185.40
740460.92,183.39
741329.90,184.77
741874.13,189.14
742644.75,188.65
743062.17,187.33
743959.08,188.18
744523.14,188.97
745671.05,187.29
746619.93,190.24
747177.04,187.92
747940.20,187.95
748336.88,187.54
749262.93,188.68
749814.18,190.17
750706.44,192.08
751036.25,191.30
751973.87,193.55
752565.88,197.50
753489.07,195.43
753934.65,203.90
755114.58,199.05
755586.83,203.30
756566.17,208.10
756850.68,209.45
757785.45,213.61
758362.42,218.35
759135.69,222.72
759561.88,226.94
759878.21,223.02
760108.27,225.37
760516.06,225.62
760939.94,222.71
761864.49,216.64
762166.04,214.69
763101.80,214.00
763770.58,219.95
764676.88,223.89
765181.82,222.93
765586.64,233.66
765851.48,229.41
766188.50,232.12
766808.91,230.62
767747.16,224.86
768117.26,223.82
769061.38,221.64
769651.42,225.87
770599.15,230.63
771020.67,229.56
771519.33,236.32
771812.67,234.24
772175.26,239.71
772474.56,243.89
772737.96,246.49
772995.64,243.85
773249.82,246.03
773684.47,237.78
774044.14,239.23
774958.81,238.39
775538.01,241.74
776332.26,245.32
776782.70,248.92
777681.75,247.30
778232.79,252.46
779057.98,254.93
779367.55,254.69
780188.92,254.43
780719.44,252.52
781562.83,257.21
781886.68,251.51
782728.45,257.44
783198.53,255.02
784261.76,260.92
785034.08,255.85
785519.05,259.66
786189.60,262.23
786563.26,264.35
787355.51,269.36
787803.57,266.00
788479.24,257.20
788691.87,257.02
789494.04,238.64
789953.01,235.49
790639.41,227.38
791056.88,230.55
792030.78,224.69
792617.30,214.45
793519.39,213.36
793852.76,218.39
795122.45,208.79
795687.32,204.62
796852.59,198.79
797378.82,197.91
798681.30,200.49
801236.06,198.68
802872.09,198.66
803709.25,202.65
803925.28,202.92
804009.87,207.50
804522.67,204.86
805132.44,202.23
805668.87,207.29
