bag,ptop,age,dd,d18o,deutex
13,6.6,42.5,-390.9,-50.12,10.1
14,7.15,51.15,-385.1,-49.16,8.2
15,7.7,60.08,-377.8,-48.14,7.3
16,8.25,69.36,-394.1,-50.35,8.7
17,8.8,78.58,-398.7,-50.94,8.8
18,9.35,87.77,-395.9,-50.60,8.9
19,9.9,97.06,-395.9,-50.52,8.3
20,10.45,106.43,-399.3,-51.07,9.3
21,11,116.11,-391.4,-49.97,8.4
22,11.55,125.83,-399.5,-50.89,7.6
23,12.1,135.47,-402.9,-51.60,9.9
24,12.65,145.35,-393.9,-50.45,9.7
25,13.2,155.61,-398.6,-50.81,7.9
26,13.75,165.93,-389.8,-49.98,10.0
27,14.3,176.29,-394.5,-50.62,10.5
28,14.85,186.69,-400.5,-51.07,8.1
29,15.4,197.1,-403.6,-51.72,10.2
30,15.95,207.53,-393.1,-50.11,7.8
31,16.5,218.05,-410.9,-52.51,9.2
32,17.05,228.94,-393.6,-50.22,8.2
33,17.6,239.97,-391.1,-49.92,8.3
34,18.15,251.22,-391.9,-49.86,7.0
35,18.7,262.57,-396.3,-50.44,7.2
36,19.25,274.02,-397,-50.70,8.6
37,19.8,285.58,-404.7,-51.70,8.9
38,20.35,297.21,-398.2,-50.98,9.6
39,20.9,309.07,-395.2,-50.72,10.6
40,21.45,321.01,-403.5,-51.68,9.9
41,22,333.03,-398.6,-51.17,10.8
42,22.55,345.1,-399.7,-51.26,10.4
43,23.1,357.25,-396,-50.64,9.1
44,23.65,369.47,-400.2,-51.50,11.8
45,24.2,381.79,-401.6,-51.56,10.9
46,24.75,394.22,-405.4,-51.89,9.7
47,25.3,406.75,-399,-51.00,9.0
48,25.85,419.28,-396.9,-50.55,7.5
49,26.4,431.81,-394.9,-50.58,9.7
50,26.95,444.41,-406.6,-51.93,8.8
51,27.5,457.05,-395.2,-50.50,8.8
52,28.05,469.8,-395.3,-50.49,8.6
53,28.6,482.6,-399.5,-51.06,9.0
54,29.15,495.46,-401,-51.24,8.9
55,29.7,508.31,-393.6,-50.23,8.2
56,30.25,521.13,-410.4,-52.52,9.8
57,30.8,534.03,-401.3,-51.03,6.9
58,31.35,546.96,-398.3,-50.94,9.2
59,31.9,559.81,-388.5,-49.54,7.8
60,32.45,572.64,-391.9,-50.14,9.2
61,33,585.5,-400.8,-51.18,8.6
62,33.55,598.38,-387.7,-49.53,8.5
63,34.1,611.3,-401.4,-51.20,8.2
64,34.65,624.29,-401,-51.18,8.4
65,35.2,637.4,-387.3,-49.33,7.3
66,35.75,650.6,-390.2,-49.82,8.4
67,36.3,663.89,-394.5,-50.43,8.9
68,36.85,677.33,-401.9,-51.31,8.6
69,37.4,690.84,-399.8,-51.06,8.7
70,37.95,704.44,-399.9,-51.10,8.9
71,38.5,718.03,-399.1,-51.02,9.1
72,39.05,731.51,-401.9,-51.49,10.0
73,39.6,745.07,-404.8,-51.68,8.6
74,40.15,758.82,-401.6,-51.58,11.0
75,40.7,772.25,-396.7,-50.70,8.9
76,41.25,785.27,-397.1,-50.82,9.5
77,41.8,798.34,-394.2,-50.44,9.3
78,42.35,811.44,-395.9,-50.65,9.3
79,42.9,824.63,-392.7,-50.24,9.2
80,43.45,837.83,-390.4,-49.93,9.0
81,44,850.99,-389,-49.70,8.6
82,44.55,864.17,-387,-49.57,9.6
83,45.1,877.48,-402.3,-51.58,10.3
84,45.65,890.81,-392.5,-50.27,9.7
85,46.2,904.19,-404.6,-51.79,9.7
86,46.75,917.7,-390.5,-49.99,9.4
87,47.3,931.33,-402.3,-51.45,9.3
88,47.85,945.09,-400.1,-51.04,8.2
89,48.4,958.89,-399.4,-51.16,9.9
90,48.95,972.67,-400.6,-51.28,9.6
91,49.5,986.48,-393.8,-50.41,9.5
92,50.05,1000.49,-398.5,-51.06,10.0
93,50.6,1014.52,-398.7,-50.98,9.1
94,51.15,1028.55,-401.8,-51.55,10.6
95,51.7,1042.56,-395.2,-50.61,9.7
96,52.25,1056.55,-390.1,-49.76,8.0
97,52.8,1070.59,-393.9,-50.36,9.0
98,53.35,1084.65,-400.6,-51.06,7.9
99,53.9,1098.58,-400.9,-51.20,8.7
100,54.45,1112.49,-391.7,-50.17,9.7
101,55,1126.5,-399.3,-51.09,9.4
102,55.55,1140.56,-386.7,-49.60,10.1
103,56.1,1154.68,-401.5,-51.35,9.3
104,56.65,1168.75,-398.1,-50.90,9.1
105,57.2,1182.72,-390.4,-49.91,8.9
106,57.75,1196.69,-389.8,-49.89,9.3
107,58.3,1210.64,-390.7,-50.10,10.1
108,58.85,1224.57,-399.3,-51.15,9.9
109,59.4,1238.51,-392.5,-50.29,9.8
110,59.95,1252.64,-393.8,-50.31,8.7
111,60.5,1266.81,-394.4,-50.30,8.0
112,61.05,1281.03,-397,-50.80,9.4
113,61.6,1295.24,-397.8,-50.77,8.4
114,62.15,1309.44,-388.6,-49.77,9.6
115,62.7,1323.77,-394.7,-50.47,9.1
116,63.25,1338.25,-390.6,-50.00,9.4
117,63.8,1352.78,-397,-50.90,10.2
118,64.35,1367.34,-386.6,-49.43,8.8
119,64.9,1381.92,-390.6,-50.25,11.4
120,65.45,1396.54,-397,-50.89,10.1
121,66,1411.37,-396.1,-50.76,10.0
122,66.55,1426.34,-398.9,-51.00,9.1
123,67.1,1441.6,-400.2,-51.03,8.0
124,67.65,1456.89,-398.7,-50.98,9.1
125,68.2,1472.17,-389.7,-49.87,9.3
126,68.75,1487.48,-401.6,-51.44,9.9
127,69.3,1502.84,-397.9,-50.93,9.5
128,69.85,1518.4,-399.2,-50.99,8.7
129,70.4,1534.05,-397.6,-50.65,7.6
130,70.95,1549.76,-390.5,-50.03,9.7
131,71.5,1565.49,-401.5,-51.38,9.5
132,72.05,1581.25,-395.7,-50.48,8.1
133,72.6,1597.07,-394.5,-50.38,8.5
134,73.15,1613.02,-402.9,-51.65,10.3
135,73.7,1629.07,-401,-51.30,9.4
136,74.25,1645.24,-391.5,-50.27,10.7
137,74.8,1661.36,-403.4,-51.61,9.5
138,75.35,1677.42,-393.4,-50.43,10.0
139,75.9,1693.33,-393.8,-50.47,10.0
140,76.45,1709.29,-400.8,-51.28,9.4
141,77,1725.75,-399.3,-51.11,9.6
142,77.55,1742.27,-396.6,-50.64,8.5
143,78.1,1758.7,-395.3,-50.55,9.1
144,78.65,1775.06,-392.6,-50.16,8.7
145,79.2,1791.33,-404.4,-51.68,9.0
146,79.75,1807.75,-394.4,-50.68,11.0
147,80.3,1824.29,-402.2,-51.41,9.1
148,80.85,1840.75,-401.9,-51.45,9.7
149,81.4,1857.18,-393.8,-50.20,7.8
150,81.95,1873.65,-402.3,-51.44,9.2
151,82.5,1890.15,-385.1,-49.36,9.8
152,83.05,1906.71,-395.9,-50.68,9.5
153,83.6,1923.21,-395.8,-50.65,9.4
154,84.15,1939.55,-398.2,-50.89,8.9
155,84.7,1956.13,-394.8,-50.56,9.7
156,85.25,1973.01,-397.7,-50.77,8.5
157,85.8,1989.91,-400.3,-51.29,10.0
158,86.35,2006.82,-402.4,-51.34,8.3
159,86.9,2023.8,-396,-50.33,6.6
160,87.45,2040.81,-401.4,-51.36,9.5
161,88,2057.91,-386.1,-49.56,10.4
162,88.55,2075.06,-400.1,-51.17,9.3
163,89.1,2092.34,-400.3,-51.13,8.7
164,89.65,2109.61,-393.2,-50.30,9.2
165,90.2,2126.85,-399.7,-51.10,9.1
166,90.75,2144.21,-397.9,-50.86,9.0
167,91.3,2161.68,-402,-51.46,9.7
168,91.85,2179.29,-398.7,-51.04,9.6
169,92.4,2196.95,-398.6,-50.89,8.5
170,92.95,2214.64,-49.93
171,93.5,2232.37,-390.6,-49.96,9.1
172,94.05,2250.26,-394,-50.31,8.5
173,94.6,2268.33,-397.9,-50.82,8.7
174,95.15,2286.75,-394.8,-50.38,8.2
175,95.7,2305.2,-408.2,-52.07,8.4
176,96.25,2323.67,-404.3,-51.68,9.1
177,96.8,2342.16,-399.6,-50.99,8.3
178,97.35,2360.64,-400.8,-51.17,8.6
179,97.9,2379.11,-401.5,-51.28,8.7
180,98.45,2397.55,-407.7,-52.22,10.1
181,99,2415.9,-400.5,-51.22,9.3
182,99.55,2434.21,-395.8,-50.53,8.4
183,100.1,2452.44,-399.7,-51.03,8.5
184,100.65,2470.63,-399.6,-51.04,8.7
185,101.2,2488.72,-394.8,-50.28,7.4
186,101.75,2506.69,-398.5,-50.85,8.3
187,102.3,2524.56,-390.2,-49.87,8.8
188,102.85,2542.31,-396.4,-50.64,8.7
189,103.4,2560.01,-392.7,-50.23,9.1
190,103.95,2577.64,-400.4,-50.94,7.1
191,104.5,2595.25,-393.5,-50.26,8.6
192,105.05,2612.79,-390.6,-49.78,7.6
193,105.6,2630.34,-395.2,-50.29,7.1
194,106.15,2647.89,-396.9,-50.47,6.9
195,106.7,2665.39,-399.1,-51.01,9.0
196,107.25,2682.81,-396.9,-50.50,7.1
197,107.8,2700.1,-401,-51.27,9.2
198,108.35,2717.31,-387.9,-49.59,8.8
199,108.9,2734.42,-390.3,-49.89,8.8
200,109.45,2751.49,-390.8,-49.91,8.5
201,110,2768.53,-390.2,-49.90,9.0
202,110.55,2785.61,-395.6,-50.48,8.2
203,111.1,2802.81,-387.7,-49.63,9.3
204,111.65,2820.15,-388.9,-49.79,9.4
205,112.2,2837.69,-388.9,-49.59,7.8
206,112.75,2855.29,-395.4,-50.50,8.6
207,113.3,2872.92,-399.5,-51.17,9.9
208,113.85,2890.5,-401.7,-51.60,11.1
209,114.4,2908.1,-392.2,-50.09,8.5
210,114.95,2925.99,-393.9,-50.42,9.5
211,115.5,2943.98,-397.7,-50.77,8.5
212,116.05,2962.05,-401.1,-51.24,8.8
213,116.6,2980.13,-395.7,-50.58,8.9
214,117.15,2998.19,-398.7,-51.07,9.9
215,117.7,3016.33,-395,-50.71,10.7
216,118.25,3034.58,-394.7,-50.57,9.9
217,118.8,3052.76,-395.8,-50.64,9.3
218,119.35,3070.92,-391.8,-50.18,9.6
219,119.9,3089.37
220,120.45,3107.93,-387.9,-49.46,7.8
221,121,3126.72,-404.4,-51.71,9.3
222,121.55,3145.59,-401.1,-51.17,8.3
223,122.1,3164.59,-403.4,-51.64,9.7
224,122.65,3183.64,-391.8,-50.18,9.6
225,123.2,3202.78,-400.5,-51.20,9.1
226,123.75,3221.95,-406.2,-51.98,9.6
227,124.3,3241.15,-392.7,-50.28,9.5
228,124.85,3260.36,-400,-51.09,8.7
229,125.4,3279.56,-401.9,-51.41,9.4
230,125.95,3298.74,-391.3,-50.03,8.9
231,126.5,3317.89,-399.8,-50.99,8.1
232,127.05,3336.98,-404.2,-51.75,9.8
233,127.6,3356.02,-395.6,-50.66,9.7
234,128.15,3374.98,-397.2,-50.85,9.6
235,128.7,3393.86,-398.2,-50.88,8.8
236,129.25,3412.65,-396.6,-50.72,9.2
237,129.8,3431.35,-395.6,-50.53,8.6
238,130.35,3449.98,-392.7,-50.31,9.8
239,130.9,3468.51,-401.8,-51.50,10.2
240,131.45,3486.99,-387.3,-49.70,10.3
241,132,3505.38,-394.6,-50.46,9.1
242,132.55,3523.74,-397.2,-50.91,10.1
243,133.1,3542.02,-394.5,-50.56,10.0
244,133.65,3560.27,-399.5,-51.01,8.6
245,134.2,3578.48,-389.9,-49.88,9.1
246,134.75,3596.67,-390.8,-49.96,8.9
247,135.3,3614.85,-394.4,-50.42,9.0
248,135.85,3633.06,-391.7,-50.02,8.5
249,136.4,3651.28,-389.2,-49.99,10.7
250,136.95,3669.58,-401.6,-51.44,9.9
251,137.5,3687.92,-387.2,-49.54,9.1
252,138.05,3706.39,-387.8,-49.63,9.2
253,138.6,3724.93,-404.9,-51.79,9.4
254,139.15,3743.6,-388.9,-49.70,8.7
255,139.7,3762.37,-394.9,-50.65,10.3
256,140.25,3781.26,-393.8,-50.22,8.0
257,140.8,3800.26,-399.6,-51.32,11.0
258,141.35,3819.33,-400.9,-51.31,9.6
259,141.9,3838.48,-391,-49.93,8.4
260,142.45,3857.68,-396.1,-50.61,8.8
261,143,3876.92,-398.5,-50.85,8.3
262,143.55,3896.17,-396.5,-50.62,8.5
263,144.1,3915.43,-397.8,-50.85,9.0
264,144.65,3934.67,-392.9,-50.18,8.5
265,145.2,3953.9,-398.7,-51.14,10.4
266,145.75,3973.1,-398.9,-51.07,9.7
267,146.3,3992.27,-390.6,-49.91,8.7
268,146.85,4011.42,-390.4,-49.97,9.4
269,147.4,4030.55,-402.3,-51.36,8.6
270,147.95,4049.67,-389.9,-49.67,7.5
271,148.5,4068.8,-390.3,-49.82,8.3
272,149.05,4087.93,-398.8,-50.82,7.8
273,149.6,4107.06,-397.8,-50.75,8.2
274,150.15,4126.2,-394.9,-50.31,7.6
275,150.7,4145.34,-392.2,-50.03,8.0
276,151.25,4164.48,-404.7,-51.83,9.9
277,151.8,4183.62,-391.2,-49.96,8.5
278,152.35,4202.77,-387.3,-49.49,8.6
279,152.9,4221.94,-396.4,-50.47,7.4
280,153.45,4241.13,-387,-49.40,8.2
281,154,4260.38,-398.1,-50.86,8.8
282,154.55,4279.66,-401.4,-51.31,9.1
283,155.1,4298.99,-395.2,-50.46,8.5
284,155.65,4318.33,-393.4,-50.22,8.4
285,156.2,4337.71,-394.9,-50.45,8.7
286,156.75,4357.1,-397.1,-50.83,9.5
287,157.3,4376.5,-400.6,-51.17,8.8
288,157.85,4395.91,-393,-50.23,8.8
289,158.4,4415.33,-387.1,-49.51,9.0
290,158.95,4434.78,-397.5,-50.86,9.4
291,159.5,4454.26,-390.4,-50.00,9.6
292,160.05,4473.8,-399.3,-51.07,9.3
293,160.6,4493.37,-397.5,-50.86,9.4
294,161.15,4512.98,-399.9,-51.23,9.9
295,161.7,4532.62,-395,-50.44,8.5
296,162.25,4552.3,-394.1,-50.41,9.2
297,162.8,4572.01,-393.4,-49.99,6.5
298,163.35,4591.74,-398.4,-50.88,8.6
299,163.9,4611.52,-395.1,-50.64,10.0
300,164.45,4631.33,-396,-50.62,9.0
301,165,4651.2,-397.3,-50.72,8.5
302,165.55,4671.08,-389.3,-49.84,9.4
303,166.1,4691.02,-399.6,-50.91,7.7
304,166.65,4710.96,-402.3,-51.38,8.7
305,167.2,4730.9,-396.7,-50.85,10.1
306,167.75,4750.8,-397.2,-50.82,9.4
307,168.3,4770.67,-402,-51.24,7.9
308,168.85,4790.45,-396.9,-50.73,8.9
309,169.4,4810.18,-390.9,-49.94,8.6
310,169.95,4829.82,-393.4,-50.38,9.6
311,170.5,4849.43,-395.9,-50.53,8.3
312,171.05,4869,-395.1,-50.49,8.8
313,171.6,4888.56,-392.7,-50.14,8.4
314,172.15,4908.12,-389,-49.86,9.9
315,172.7,4927.69,-397.9,-50.93,9.5
316,173.25,4947.29,-398.9,-51.00,9.1
317,173.8,4966.9,-396.8,-50.54,7.5
318,174.35,4986.51,-396.6,-50.67,8.8
319,174.9,5006.11,-392.7,-50.24,9.2
320,175.45,5025.7,-400.6,-51.33,10.0
321,176,5045.25,-396.3,-50.47,7.5
322,176.55,5064.78,-395.6,-50.56,8.9
323,177.1,5084.27,-393.3,-50.12,7.7
324,177.65,5103.75,-391.4,-50.04,8.9
325,178.2,5123.23,-391.3,-50.05,9.1
326,178.75,5142.72,-393.2,-50.35,9.6
327,179.3,5162.23,-397.6,-50.77,8.6
328,179.85,5181.79,-395.8,-50.56,8.7
329,180.4,5201.38,-403.1,-51.75,10.9
330,180.95,5221.02,-396.3,-50.74,9.6
331,181.5,5240.7,-390.6,-49.85,8.2
332,182.05,5260.47,-396,-50.46,7.7
333,182.6,5280.32,-390.6,-49.86,8.3
334,183.15,5300.29,-396.3,-50.61,8.6
335,183.7,5320.39,-394.5,-50.42,8.9
336,184.25,5340.63,-391.4,-50.16,9.9
337,184.8,5361,-407.6,-52.12,9.4
338,185.35,5381.47,-401.2,-51.23,8.6
339,185.9,5402,-402.4,-51.41,8.9
340,186.45,5422.56,-395,-50.56,9.5
341,187,5443.07,-402.5,-51.56,10.0
342,187.55,5463.52,-407.9,-52.20,9.7
343,188.1,5483.83,-399.6,-51.06,8.9
344,188.65,5504.04,-394.6,-50.48,9.2
345,189.2,5524.09,-387.2,-49.54,9.1
346,189.75,5544.01,-396.2,-50.65,9.0
347,190.3,5563.83,-394,-50.49,9.9
348,190.85,5583.52,-399.1,-51.11,9.8
349,191.4,5603.13,-395.2,-50.57,9.4
350,191.95,5622.63,-396,-50.54,8.3
351,192.5,5642.06,-400.4,-51.11,8.5
352,193.05,5661.39,-391.1,-50.07,9.5
353,193.6,5680.66,-399.2,-51.01,8.9
354,194.15,5699.86,-386.2,-49.35,8.6
355,194.7,5719.05,-398.9,-51.17,10.5
356,195.25,5738.22,-389,-49.80,9.4
357,195.8,5757.42,-388.4,-49.76,9.7
358,196.35,5776.66,-400.4,-51.20,9.2
359,196.9,5796.01,-392.7,-50.14,8.4
360,197.45,5815.42,-391,-49.96,8.7
361,198,5834.98,-392.5,-50.15,8.7
362,198.55,5854.61,-397.7,-50.80,8.7
363,199.1,5874.36,-399.8,-51.11,9.1
364,199.65,5894.17,-398.7,-51.02,9.5
365,200.2,5914.04,-403.7,-51.70,9.9
366,200.75,5933.93,-397.4,-50.88,9.6
367,201.3,5953.83,-391.7,-50.02,8.5
368,201.85,5973.72,-394.5,-50.55,9.9
369,202.4,5993.6,-396.8,-50.83,9.8
370,202.95,6013.48,-399.2,-51.12,9.8
371,203.5,6033.36,-394,-50.36,8.9
372,204.05,6053.26,-391.4,-50.05,9.0
373,204.6,6073.18,-403.5,-51.60,9.3
374,205.15,6093.14,-389.5,-49.80,8.9
375,205.7,6113.14,-399.9,-51.25,10.1
376,206.25,6133.19,-397.4,-50.95,10.2
377,206.8,6153.31,-398.6,-50.89,8.5
378,207.35,6173.47,-394.1,-50.42,9.3
379,207.9,6193.72,-398.4,-51.01,9.7
380,208.45,6214,-401.7,-51.37,9.3
381,209,6234.37,-392.6,-50.35,10.2
382,209.55,6254.77,-395.4,-50.70,10.2
383,210.1,6275.23,-402.1,-51.54,10.2
384,210.65,6295.7,-403.6,-51.72,10.2
385,211.2,6316.2,-396.5,-50.62,8.5
386,211.75,6336.69,-402.5,-51.53,9.7
387,212.3,6357.18,-398.8,-51.11,10.1
388,212.85,6377.66,-397,-50.79,9.3
389,213.4,6398.15,-389.4,-49.92,10.0
390,213.95,6418.67,-395,-50.48,8.8
391,214.5,6439.22,-404.9,-51.65,8.3
392,215.05,6459.83,-402.2,-51.44,9.3
393,215.6,6480.5,-389.2,-49.77,9.0
394,216.15,6501.24,-397,-50.84,9.7
395,216.7,6522.05,-401.8,-51.54,10.5
396,217.25,6542.92,-398.4,-51.18,11.0
397,217.8,6563.83,-407.8,-52.15,9.4
398,218.35,6584.76,-395.4,-50.63,9.6
399,218.9,6605.66,-403.1,-51.57,9.5
400,219.45,6626.56,-406.1,-51.97,9.7
401,220,6647.39,-390.4,-50.01,9.7
402,220.55,6668.2,-392.6,-50.06,7.9
403,221.1,6688.94,-395.7,-50.51,8.4
404,221.65,6709.63,-402.9,-51.47,8.9
405,222.2,6730.25,-401.9,-51.34,8.8
406,222.75,6750.8,-401.2,-51.16,8.1
407,223.3,6771.29,-400.4,-51.24,9.5
408,223.85,6791.69,-397.5,-50.88,9.5
409,224.4,6812.05,-389.4,-49.92,10.0
410,224.95,6832.39,-395.4,-50.44,8.1
411,225.5,6852.75,-387.9,-49.65,9.3
412,226.05,6873.18,-398.3,-50.97,9.5
413,226.6,6893.69,-398.7,-51.06,9.8
414,227.15,6914.33,-401.3,-51.25,8.7
415,227.7,6935.11,-396.8,-50.85,10.0
416,228.25,6956.03,-395.6,-50.79,10.7
417,228.8,6977.14,-402.5,-51.62,10.5
418,229.35,6998.38,-399.5,-51.01,8.6
419,229.9,7019.83,-397.8,-50.87,9.2
420,230.45,7041.38,-400.5,-51.23,9.3
421,231,7063.14,-400.8,-51.34,9.9
422,231.55,7084.98,-396.1,-50.84,10.6
423,232.1,7106.96,-405.3,-51.63,7.7
424,232.65,7128.98,-411.9,-52.63,9.1
425,233.2,7151.04,-401.7,-51.42,9.7
426,233.75,7172.44,-399.3,-51.16,10.0
427,234.3,7193.25,-404.7,-51.66,8.6
428,234.85,7213.1,-403.1,-51.42,8.3
429,235.4,7232.52,-402.3,-51.61,10.6
430,235.95,7251.85,-396.1,-50.76,10.0
431,236.5,7271.16,-388.3,-49.67,9.1
432,237.05,7290.43,-398.5,-50.94,9.0
433,237.6,7309.69,-406.3,-51.93,9.1
434,238.15,7328.92,-399.9,-51.13,9.1
435,238.7,7348.12,-404.7,-51.73,9.1
436,239.25,7367.28,-403.8,-51.57,8.8
437,239.8,7386.35,-395,-50.46,8.7
438,240.35,7405.36,-402.8,-51.43,8.6
439,240.9,7424.21,-404.2,-51.61,8.7
440,241.45,7443,-399.1,-51.01,9.0
441,242,7461.62,-393.3,-50.31,9.2
442,242.55,7480.17,-399.1,-51.09,9.6
443,243.1,7498.61,-389.2,-49.76,8.9
444,243.65,7517.02,-397.7,-50.83,8.9
445,244.2,7535.39,-388.4,-49.77,9.8
446,244.75,7553.76,-400.3,-51.34,10.4
447,245.3,7572.13,-403.7,-51.72,10.1
448,245.85,7590.52,-398.3,-50.87,8.7
449,246.4,7608.92,-396.1,-50.51,8.0
450,246.95,7627.34,-390.7,-49.92,8.7
451,247.5,7645.79,-404.7,-51.65,8.5
452,248.05,7664.27,-400.2,-51.16,9.1
453,248.6,7682.78,-388.5,-49.75,9.5
454,249.15,7701.34,-390.4,-49.92,9.0
455,249.7,7719.95,-405.5,-51.95,10.1
456,250.25,7738.62,-399.5,-51.21,10.2
457,250.8,7757.34,-402.1,-51.40,9.1
458,251.35,7776.11,-402.2,-51.44,9.3
459,251.9,7794.96,-395.2,-50.57,9.4
460,252.45,7813.86,-391.6,-50.01,8.5
461,253,7832.89,-396.5,-50.76,9.6
462,253.55,7852,-399.5,-51.06,9.0
463,254.1,7871.28,-400.6,-51.12,8.4
464,254.65,7890.67,-401.6,-51.34,9.1
465,255.2,7910.21,-400.6,-51.17,8.8
466,255.75,7929.87,-406.3,-51.96,9.4
467,256.3,7949.63,-398.3,-51.09,10.4
468,256.85,7969.5,-411.7,-52.79,10.6
469,257.4,7989.43,-399.8,-51.13,9.2
470,257.95,8009.43,-396.9,-50.76,9.2
471,258.5,8029.45,-401.4,-51.46,10.3
472,259.05,8049.51,-405.3,-51.77,8.9
473,259.6,8069.55,-408.3,-52.31,10.2
474,260.15,8089.58,-406.5,-52.24,11.4
475,260.7,8109.57,-400.8,-51.22,9.0
476,261.25,8129.52,-403.2,-51.58,9.4
477,261.8,8149.4,-397.5,-50.83,9.1
478,262.35,8169.25,-401,-51.20,8.6
479,262.9,8189.04,-401.5,-51.44,10.0
480,263.45,8208.8,-400.4,-51.26,9.7
481,264,8228.51,-400.3,-51.26,9.8
482,264.55,8248.17,-407.3,-52.03,8.9
483,265.1,8267.75,-403,-51.66,10.3
484,265.65,8287.26,-404.2,-51.82,10.4
485,266.2,8306.67,-401.2,-51.47,10.6
486,266.75,8325.97,-397.2,-51.00,10.8
487,267.3,8345.19,-396.9,-50.79,9.4
488,267.85,8364.28,-397.8,-50.83,8.8
489,268.4,8383.31,-409.5,-52.39,9.6
490,268.95,8402.23,-397.1,-50.82,9.5
491,269.5,8421.12,-390.3,-49.95,9.3
492,270.05,8439.95,-397.5,-50.88,9.5
493,270.6,8458.78,-401.9,-51.25,8.1
494,271.15,8477.61,-392.4,-50.23,9.4
495,271.7,8496.47,-399.9,-51.20,9.7
496,272.25,8515.36,-399.3,-51.11,9.6
497,272.8,8534.3,-396.7,-50.81,9.8
498,273.35,8553.28,-402.1,-51.43,9.3
499,273.9,8572.28,-401.8,-51.41,9.5
500,274.45,8591.3,-397.5,-50.91,9.8
501,275,8610.32,-400.2,-51.30,10.2
502,275.55,8629.32,-395,-50.53,9.2
503,276.1,8648.27,-404.4,-51.79,9.9
504,276.65,8667.18,-402.1,-51.51,10.0
505,277.2,8686.02,-397.9,-50.88,9.1
506,277.75,8704.79,-393.4,-50.50,10.6
507,278.3,8723.49,-397.7,-50.96,10.0
508,278.85,8742.12,-397.4,-50.69,8.1
509,279.4,8760.71,-397.4,-50.77,8.8
510,279.95,8779.25,-399,-51.00,9.0
511,280.5,8797.78,-391.8,-50.04,8.5
512,281.05,8816.3,-392.7,-50.28,9.5
513,281.6,8834.84,-401.1,-51.29,9.2
514,282.15,8853.41,-396.1,-50.62,8.9
515,282.7,8872,-397.7,-50.76,8.4
516,283.25,8890.63,-395.6,-50.57,9.0
517,283.8,8909.29,-398.6,-50.97,9.2
518,284.35,8927.97,-394.9,-50.51,9.2
519,284.9,8946.65,-394.9,-50.62,10.1
520,285.45,8965.31,-407.4,-52.09,9.3
521,286,8983.91,-403.4,-51.56,9.1
522,286.55,9002.46,-392.2,-50.13,8.8
523,287.1,9020.9,-400.4,-51.10,8.4
524,287.65,9039.27,-391.1,-49.96,8.6
525,288.2,9057.53,-388.5,-49.66,8.8
526,288.75,9075.71,-394.8,-50.36,8.1
527,289.3,9093.82,-397.7,-50.77,8.5
528,289.85,9111.85,-401.2,-51.36,9.7
529,290.4,9129.84,-391.9,-50.21,9.8
530,290.95,9147.75,-393.3,-50.27,8.9
531,291.5,9165.62,-394.3,-50.34,8.4
532,292.05,9183.42,-395,-50.51,9.1
533,292.6,9201.21,-392.4,-50.14,8.7
534,293.15,9218.98,-393.5,-50.20,8.1
535,293.7,9236.74,-390,-49.85,8.8
536,294.25,9254.51,-49.85
537,294.8,9272.3,-388.5,-49.74,9.4
538,295.35,9290.1,-394.3,-50.41,9.0
539,295.9,9307.9,-403.6,-51.69,9.9
540,296.45,9325.69,-393.3,-50.29,9.0
541,297,9343.44,-398,-50.95,9.6
542,297.55,9361.14,-391,-50.05,9.4
543,298.1,9378.75,-395.8,-50.49,8.1
544,298.65,9396.29,-386.4,-49.30,8.0
545,299.2,9413.73,-391.8,-50.08,8.8
546,299.75,9431.08,-398.2,-50.91,9.1
547,300.3,9448.36,-391.6,-50.13,9.4
548,300.85,9465.55,-393.4,-50.41,9.9
549,301.4,9482.69,-384.4,-49.08,8.2
550,301.95,9499.78,-391.3,-50.07,9.3
551,302.5,9516.87,-391,-49.95,8.6
552,303.05,9533.97,-388.3,-49.63,8.7
553,303.6,9551.1,-391.4,-49.99,8.5
554,304.15,9568.32,-382.9,-48.91,8.4
555,304.7,9585.61,-387.2,-49.53,9.0
556,305.25,9603,-405.5,-51.94,10.0
557,305.8,9620.48,-391.7,-50.06,8.8
558,306.35,9638.02,-392.1,-50.17,9.3
559,306.9,9655.62,-400.4,-51.19,9.1
560,307.45,9673.24,-386.7,-49.62,10.3
561,308,9690.88,-394.5,-50.55,9.9
562,308.55,9708.51,-389.9,-49.93,9.5
563,309.1,9726.12,-394.7,-50.48,9.1
564,309.65,9743.7,-396.6,-50.81,9.9
565,310.2,9761.24,-388.6,-49.63,8.4
566,310.75,9778.72,-392.9,-50.36,10.0
567,311.3,9796.15,-395.2,-50.40,8.0
568,311.85,9813.51,-389.1,-49.94,10.4
569,312.4,9830.82,-388.7,-49.72,9.1
570,312.95,9848.08,-391.8,-50.00,8.2
571,313.5,9865.31,-388.8,-49.65,8.4
572,314.05,9882.5,-397.7,-50.81,8.8
573,314.6,9899.69,-390.4,-49.84,8.3
574,315.15,9916.89,-382.1,-48.89,9.0
575,315.7,9934.13,-387.9,-49.43,7.5
576,316.25,9951.42,-390.6,-49.71,7.1
577,316.8,9968.8,-393.3,-50.16,8.0
578,317.35,9986.25,-388.1,-49.77,10.1
579,317.9,10003.82,-391.6,-50.14,9.5
580,318.45,10021.46,-396.9,-50.68,8.5
581,319,10039.22,-398.7,-51.06,9.8
582,319.55,10057.02,-386.6,-49.50,9.4
583,320.1,10074.91,-390.7,-49.99,9.2
584,320.65,10092.84,-391.2,-50.01,8.9
585,321.2,10110.83,-389.5,-49.82,9.1
586,321.75,10128.83,-400.9,-51.15,8.3
587,322.3,10146.85,-388.6,-49.68,8.8
588,322.85,10164.82,-397.9,-50.89,9.2
589,323.4,10182.76,-393,-50.25,9.0
590,323.95,10200.59,-394.4,-50.32,8.2
591,324.5,10218.35,-399.4,-50.98,8.4
592,325.05,10235.97,-388.2,-49.65,9.0
593,325.6,10253.52,-386.8,-49.42,8.6
594,326.15,10270.98,-383,-49.01,9.1
595,326.7,10288.43,-387.5,-49.58,9.1
596,327.25,10305.88,-390.1,-49.80,8.3
597,327.8,10323.41,-377.1,-48.06,7.4
598,328.35,10341,-397.4,-50.59,7.3
599,328.9,10358.75,-390.6,-49.88,8.4
600,329.45,10376.57,-393.2,-50.16,8.1
601,330,10394.57,-395.2,-50.42,8.2
602,330.55,10412.64,-393.7,-50.34,9.0
603,331.1,10430.85,-392.9,-50.19,8.6
604,331.65,10449.13,-391.4,-49.90,7.8
605,332.2,10467.52,-384.5,-48.94,7.0
606,332.75,10485.99,-394.4,-50.32,8.2
607,333.3,10504.54,-394.8,-50.45,8.8
608,333.85,10523.16,-395.8,-50.33,6.8
609,334.4,10541.81,-396.2,-50.65,9.0
610,334.95,10560.5,-395.4,-50.15,5.8
611,335.5,10579.2,-391.7,-49.89,7.4
612,336.05,10597.92,-390.9,-49.71,6.8
613,336.6,10616.65,-388,-49.36,6.9
614,337.15,10635.39,-392.6,-49.90,6.6
615,337.7,10654.16,-397.7,-50.77,8.5
616,338.25,10672.94,-394.3,-50.29,8.0
617,338.8,10691.75,-391.4,-49.79,6.9
618,339.35,10710.57,-387.7,-49.53,8.5
619,339.9,10729.42,-395.2,-50.36,7.7
620,340.45,10748.29,-400.3,-50.96,7.4
621,341,10767.17,-393.3,-50.11,7.6
622,341.55,10786.07,-390,-49.61,6.9
623,342.1,10804.99,-390.9,-49.91,8.4
624,342.65,10823.95,-387.4,-49.38,7.6
625,343.2,10842.95,-389.7,-49.69,7.8
626,343.75,10862.01,-398,-50.80,8.4
627,344.3,10881.1,-396.1,-50.46,7.6
628,344.85,10900.21,-392,-49.86,6.9
629,345.4,10919.32,-397.7,-50.53,6.5
630,345.95,10938.39,-398.9,-50.75,7.1
631,346.5,10957.44,-394.7,-50.34,8.0
632,347.05,10976.42,-386.8,-49.28,7.4
633,347.6,10995.37,-385.8,-49.25,8.2
634,348.15,11014.28,-387.9,-49.43,7.5
635,348.7,11033.17,-390.7,-49.85,8.1
636,349.25,11052.05,-402,-51.21,7.7
637,349.8,11070.91,-392.6,-50.07,8.0
638,350.35,11089.76,-390.8,-49.85,8.0
639,350.9,11108.59,-394.6,-50.23,7.2
640,351.45,11127.42,-381,-48.57,7.6
641,352,11146.27,-382.1,-48.69,7.4
642,352.55,11165.12,-399.5,-50.90,7.7
643,353.1,11184,-393.5,-50.26,8.6
644,353.65,11202.88,-398.4,-50.62,6.6
645,354.2,11221.76,-393.4,-50.11,7.5
646,354.75,11240.62,-390.9,-49.62,6.1
647,355.3,11259.48,-386.1,-49.18,7.3
648,355.85,11278.36,-387.8,-49.62,9.2
649,356.4,11297.28,-383.8,-48.82,6.8
650,356.95,11316.3,-386.9,-49.27,7.3
651,357.5,11335.37,-393,-49.92,6.4
652,358.05,11354.59,-396.6,-50.34,6.1
653,358.6,11373.87,-394.1,-50.13,6.9
654,359.15,11393.26,-395.5,-50.27,6.7
655,359.7,11412.7,-395.4,-50.32,7.2
656,360.25,11432.2,-389.6,-49.47,6.2
657,360.8,11451.77,-394.8,-50.14,6.3
658,361.35,11471.37,-388.3,-49.46,7.4
659,361.9,11491.08,-394.8,-50.23,7.0
660,362.45,11510.86,-387.9,-49.49,8.0
661,363,11530.82,-396.1,-50.46,7.6
662,363.55,11550.9,-391.3,-49.86,7.6
663,364.1,11571.23,-393.6,-50.17,7.8
664,364.65,11591.76,-387.8,-49.29,6.5
665,365.2,11612.58,-396.1,-50.36,6.8
666,365.75,11633.69,-403.2,-51.37,7.8
667,366.3,11655.05,-399.4,-50.83,7.2
668,366.85,11676.74,-400.8,-51.01,7.3
669,367.4,11698.61,-399.4,-50.74,6.5
670,367.95,11720.81,-400.9,-50.99,7.0
671,368.5,11743.14,-399.2,-50.77,7.0
672,369.05,11765.77,-404.9,-51.49,7.0
673,369.6,11788.55,-404,-51.51,8.1
674,370.15,11811.57,-398.2,-50.66,7.1
675,370.7,11834.78,-400,-50.82,6.6
676,371.25,11858.22,-399.8,-50.66,5.5
677,371.8,11881.91,-406.2,-51.67,7.2
678,372.35,11905.78,-403.5,-51.37,7.5
679,372.9,11929.93,-405.5,-51.59,7.2
680,373.45,11954.21,-414.8,-52.94,8.7
681,374,11978.72,-406.2,-51.84,8.5
682,374.55,12003.33,-405.8,-51.67,7.6
683,375.1,12028.11,-410.9,-52.40,8.3
684,375.65,12053,-403.7,-51.36,7.2
685,376.2,12078.05,-400.6,-51.08,8.0
686,376.75,12103.29,-409.6,-52.03,6.6
687,377.3,12128.7,-401.2,-50.97,6.6
688,377.85,12154.38,-413.3,-52.54,7.0
689,378.4,12180.22,-414.3,-52.82,8.3
690,378.95,12206.38,-408.8,-52.11,8.1
691,379.5,12232.68,-417.4,-53.19,8.1
692,380.05,12259.31,-406.8,-51.78,7.4
693,380.6,12286.11,-404.3,-51.35,6.5
694,381.15,12313.24,-412.4,-52.36,6.5
695,381.7,12340.62,-412.6,-52.43,6.8
696,382.25,12368.27,-410.9,-52.29,7.4
697,382.8,12396.19,-420.8,-53.51,7.3
698,383.35,12424.29,-417.2,-53.11,7.7
699,383.9,12452.57,-418.8,-53.21,6.9
700,384.45,12480.93,-415.6,-52.83,7.0
701,385,12509.36,-418.6,-53.30,7.8
702,385.55,12537.81,-410.9,-52.24,7.0
703,386.1,12566.25,-413.7,-52.63,7.3
704,386.65,12594.67,-412.7,-52.42,6.7
705,387.2,12623.06,-419.3,-53.30,7.1
706,387.75,12651.38,-420.8,-53.63,8.2
707,388.3,12679.64,-412.1,-52.52,8.1
708,388.85,12707.81,-416,-52.98,7.8
709,389.4,12735.92,-408.8,-52.04,7.5
710,389.95,12763.94,-413.9,-52.57,6.7
711,390.5,12791.91,-416.4,-52.95,7.2
712,391.05,12819.78,-417.7,-53.03,6.5
713,391.6,12847.61,-414.9,-52.72,6.9
714,392.15,12875.34,-410.4,-52.17,7.0
715,392.7,12903,-411.6,-52.54,8.7
716,393.25,12930.58,-415,-52.68,6.4
717,393.8,12958.07,-418.4,-53.11,6.5
718,394.35,12985.48,-415.5,-52.87,7.5
719,394.9,13012.78,-412.9,-52.52,7.3
720,395.45,13040.04,-408,-51.90,7.2
721,396,13067.22,-410.8,-52.28,7.4
722,396.55,13094.4,-414.8,-52.78,7.4
723,397.1,13121.6,-408.7,-52.14,8.4
724,397.65,13148.85,-408.5,-51.91,6.8
725,398.2,13176.18,-411.8,-52.43,7.6
726,398.75,13203.6,-412.8,-52.62,8.2
727,399.3,13231.11,-419,-53.43,8.4
728,399.85,13258.71,-417.5,-53.17,7.9
729,400.4,13286.37,-414,-52.63,7.0
730,400.95,13314.12,-416.6,-53.14,8.5
731,401.5,13341.92,-410.8,-52.36,8.1
732,402.05,13369.8,-403.4,-51.38,7.6
733,402.6,13397.74,-413.7,-52.60,7.1
734,403.15,13425.79,-410.2,-52.25,7.8
735,403.7,13453.93,-415.9,-52.97,7.9
736,404.25,13482.17,-416.8,-53.06,7.7
737,404.8,13510.44,-417.3,-53.22,8.5
738,405.35,13538.74,-417.1,-53.15,8.1
739,405.9,13566.98,-411.9,-52.16,5.4
740,406.45,13595.17,-415.5,-52.91,7.8
741,407,13623.22,-413.4,-52.54,6.9
742,407.55,13651.2,-405,-51.48,6.8
743,408.1,13679,-417.2,-53.00,6.8
744,408.65,13706.68,-405.5,-51.54,6.8
745,409.2,13734.2,-414.3,-52.68,7.1
746,409.75,13761.55,-414.8,-52.83,7.8
747,410.3,13788.75,-412,-52.42,7.4
748,410.85,13815.75,-407.5,-51.79,6.8
749,411.4,13842.64,-403.4,-51.24,6.5
750,411.95,13869.36,-402.3,-51.01,5.8
751,412.5,13896,-405.9,-51.57,6.7
752,413.05,13922.49,-410.4,-52.30,8.0
753,413.6,13948.89,-410.8,-52.19,6.7
754,414.15,13975.12,-413.4,-52.44,6.1
755,414.7,14001.2,-406,-51.54,6.3
756,415.25,14027.1,-402.6,-51.15,6.6
757,415.8,14052.8,-404.3,-51.45,7.3
758,416.35,14078.36,-406.9,-51.69,6.6
759,416.9,14103.75,-411.2,-52.33,7.4
760,417.45,14129.08,-392.2,-49.94,7.3
761,418,14154.39,-397.7,-50.48,6.1
762,418.55,14179.77,-399.1,-50.66,6.2
763,419.1,14205.33,-402.3,-51.08,6.3
764,419.65,14231.11,-401.1,-50.87,5.9
765,420.2,14257.22,-403.9,-51.27,6.3
766,420.75,14283.72,-401.2,-50.93,6.2
767,421.3,14310.57,-418.2,-53.05,6.2
768,421.85,14337.92,-408.8,-51.82,5.8
769,422.4,14365.55,-402.3,-51.02,5.9
770,422.95,14393.72,-411.1,-52.08,5.5
771,423.5,14422.13,-411.1,-52.15,6.1
772,424.05,14451.02,-407.3,-51.68,6.1
773,424.6,14480.1,-413.6,-52.49,6.3
774,425.15,14509.52,-411.2,-51.93,4.2
775,425.7,14539.07,-418.6,-52.97,5.2
776,426.25,14568.76,-415.7,-52.74,6.2
777,426.8,14598.46,-411.3,-52.14,5.8
778,427.35,14628.16,-416.2,-52.66,5.1
779,427.9,14657.77,-412.6,-52.43,6.8
780,428.45,14687.32,-407.6,-51.76,6.5
781,429,14716.77,-410.1,-51.95,5.5
782,429.55,14746.17,-411.6,-52.19,5.9
783,430.1,14775.53,-407.5,-51.75,6.5
784,430.65,14804.9,-409.9,-51.98,5.9
785,431.2,14834.3,-411.3,-52.19,6.2
786,431.75,14863.78,-419,-53.21,6.7
787,432.3,14893.35,-399.4,-50.88,7.6
788,432.85,14923.11,-413,-52.41,6.3
789,433.4,14952.99,-416.4,-52.82,6.2
790,433.95,14983.13,-416.3,-52.81,6.2
791,434.5,15013.42,-410,-51.84,4.7
792,435.05,15044.04,-410.7,-52.16,6.6
793,435.6,15074.87,-412.7,-52.35,6.1
794,436.15,15106.08,-411.8,-52.12,5.2
795,436.7,15137.57,-414.2,-52.59,6.5
796,437.25,15169.4,-416.6,-52.80,5.8
797,437.8,15201.58,-420,-53.34,6.7
798,438.35,15233.99,-418.5,-53.01,5.6
799,438.9,15266.7,-419.6,-53.14,5.5
800,439.45,15299.53,-418.7,-53.06,5.8
801,440,15332.56,-420.1,-53.31,6.4
802,440.55,15365.66,-419.8,-53.27,6.4
803,441.1,15398.87,-414,-52.65,7.2
804,441.65,15432.13,-416.2,-52.87,6.8
805,442.2,15465.46,-417.6,-53.02,6.6
806,442.75,15498.86,-421.6,-53.44,5.9
807,443.3,15532.31,-416.6,-52.93,6.8
808,443.85,15565.85,-423.8,-53.75,6.2
809,444.4,15599.46,-414.2,-52.57,6.4
810,444.95,15633.21,-417.8,-52.87,5.2
811,445.5,15667.05,-416.9,-53.00,7.1
812,446.05,15701.14,-419.1,-53.15,6.1
813,446.6,15735.38,-417.3,-52.93,6.1
814,447.15,15769.92,-419.1,-53.16,6.2
815,447.7,15804.71,-420.3,-53.38,6.7
816,448.25,15839.78,-422.5,-53.59,6.2
817,448.8,15875.2,-417.7,-52.94,5.8
818,449.35,15910.84,-425.4,-53.96,6.3
819,449.9,15946.86,-420.8,-53.38,6.2
820,450.45,15983.05,-421.1,-53.33,5.5
821,451,16019.58,-424.1,-53.83,6.5
822,451.55,16056.24,-426.8,-54.25,7.2
823,452.1,16093.15,-425.9,-53.93,5.5
824,452.65,16130.2,-420.9,-53.31,5.6
825,453.2,16167.43,-421.9,-53.44,5.6
826,453.75,16204.86,-421.7,-53.47,6.1
827,454.3,16242.45,-422.6,-53.38,4.4
828,454.85,16280.33,-429.8,-54.49,6.1
829,455.4,16318.38,-423.9,-53.61,5.0
830,455.95,16356.81,-421.9,-53.37,5.1
831,456.5,16395.45,-425.8,-53.79,4.5
832,457.05,16434.55,-426,-53.93,5.4
833,457.6,16473.92,-425.7,-53.73,4.1
834,458.15,16513.78,-426.4,-54.21,7.3
835,458.7,16554.02,-434.2,-55.16,7.1
836,459.25,16594.67,-427.5,-54.19,6.0
837,459.8,16635.82,-429.9,-54.53,6.3
838,460.35,16677.29,-428.1,-54.19,5.4
839,460.9,16719.32,-426.1,-53.92,5.3
840,461.45,16761.63,-438.3,-55.50,5.7
841,462,16804.49,-429.4,-54.47,6.4
842,462.55,16847.57,-434.5,-55.11,6.4
843,463.1,16891.08,-433.9,-55.04,6.4
844,463.65,16934.79,-434.6,-55.19,6.9
845,464.2,16978.78,-439.3,-55.66,6.0
846,464.75,17022.98,-431.6,-54.66,5.7
847,465.3,17067.34,-432,-54.81,6.5
848,465.85,17111.99,-435.5,-55.27,6.7
849,466.4,17156.8,-429.4,-54.27,4.8
850,466.95,17202.02,-437.2,-55.30,5.2
851,467.5,17247.46,-429.5,-54.40,5.7
852,468.05,17293.42,-441.5,-56.04,6.8
853,468.6,17339.66,-436.2,-55.21,5.5
854,469.15,17386.41,-435.6,-55.19,5.9
855,469.7,17433.53,-439.9,-55.76,6.2
856,470.25,17481.07,-435.5,-55.29,6.8
857,470.8,17529.01,-439.7,-55.73,6.1
858,471.35,17577.22,-442.5,-56.03,5.7
859,471.9,17625.77,-442.1,-56.08,6.5
860,472.45,17674.45,-442.1,-56.07,6.5
861,473,17723.34,-443.5,-56.22,6.3
862,473.55,17772.3,-433.9,-54.84,4.8
863,474.1,17821.39,-439,-55.54,5.3
864,474.65,17870.56,-443.7,-56.24,6.2
865,475.2,17919.82,-438.6,-55.49,5.3
866,475.75,17969.18,-438.4,-55.50,5.6
867,476.3,18018.62,-442.5,-55.91,4.8
868,476.85,18068.15,-444.2,-56.39,6.9
869,477.4,18117.72,-443.1,-56.23,6.7
870,477.95,18167.35,-440.5,-55.67,4.9
871,478.5,18217.01,-440.7,-55.86,6.2
872,479.05,18266.72,-438.8,-55.55,5.6
873,479.6,18316.47,-440.3,-55.83,6.3
874,480.15,18366.28,-441.9,-55.96,5.8
875,480.7,18416.14,-441.7,-55.91,5.6
876,481.25,18466.03,-441.4,-55.97,6.4
877,481.8,18515.94,-442.3,-56.15,6.9
878,482.35,18565.85,-441.6,-56.03,6.6
879,482.9,18615.72,-447.4,-56.69,6.1
880,483.45,18665.58,-437.2,-55.40,6.0
881,484,18715.41,-440.8,-55.75,5.2
882,484.55,18765.23,-436.5,-55.04,3.8
883,485.1,18815.05,-444.8,-56.25,5.2
884,485.65,18864.88,-440.5,-55.63,4.5
885,486.2,18914.74,-442.9,-55.98,4.9
886,486.75,18964.61,-441.4,-55.87,5.6
887,487.3,19014.49,-439.3,-55.83,7.3
888,487.85,19064.38,-443.4,-56.15,5.8
889,488.4,19114.27,-438.2,-55.51,5.9
890,488.95,19164.14,-446,-56.57,6.6
891,489.5,19213.98,-441.3,-55.90,5.9
892,490.05,19263.75,-435.8,-55.16,5.5
893,490.6,19313.46,-447.9,-56.71,5.8
894,491.15,19363.08,-444.6,-56.27,5.6
895,491.7,19412.63,-436.3,-55.09,4.4
896,492.25,19462.1,-442.5,-56.07,6.1
897,492.8,19511.57,-441.3,-55.87,5.7
898,493.35,19561.05,-432,-54.67,5.4
899,493.9,19610.68,-442.6,-56.07,6.0
900,494.45,19660.38,-438.7,-55.52,5.5
901,495,19710.33,-445.1,-56.27,5.1
902,495.55,19760.39,-440.2,-55.69,5.3
903,496.1,19810.64,-443.8,-56.23,6.0
904,496.65,19860.96,-443,-56.18,6.4
905,497.2,19911.34,-446.5,-56.55,5.9
906,497.75,19961.65,-441.5,-55.96,6.2
907,498.3,20011.89,-446.5,-56.46,5.2
908,498.85,20061.92,-444.9,-56.38,6.1
909,499.4,20111.83,-438.9,-55.60,5.9
910,499.95,20161.5,-438.3,-55.60,6.5
911,500.5,20211.08,-436.4,-55.24,5.5
912,501.05,20260.48,-442.4,-55.95,5.2
913,501.6,20309.8,-448,-56.74,5.9
914,502.15,20358.99,-444.2,-56.37,6.8
915,502.7,20408.1,-441.7,-55.53,2.5
916,503.25,20457.11,-439.5,-55.51,4.6
917,503.8,20506.06,-442.1,-55.99,5.8
918,504.35,20554.98,-437.5,-55.59,7.2
919,504.9,20603.89,-444.1,-56.36,6.8
920,505.45,20652.81,-440.6,-55.88,6.4
921,506,20701.77,-442.5,-55.88,4.5
922,506.55,20750.75,-443.5,-56.32,7.1
923,507.1,20799.76,-443.7,-56.31,6.8
924,507.65,20848.78,-446.5,-56.67,6.9
925,508.2,20897.81,-438.8,-55.73,7.0
926,508.75,20946.88,-438.3,-55.60,6.5
927,509.3,20995.98,-441.2,-55.84,5.5
928,509.85,21045.16,-442.3,-56.00,5.7
929,510.4,21094.39,-443.3,-56.24,6.6
930,510.95,21143.73,-443.2,-56.35,7.6
931,511.5,21193.13,-439.5,-55.76,6.6
932,512.05,21242.66,-441.5,-56.09,7.2
933,512.6,21292.24,-441.8,-56.08,6.8
934,513.15,21341.93,-442.2,-56.08,6.4
935,513.7,21391.65,-441.7,-56.03,6.5
936,514.25,21441.42,-446.3,-56.63,6.7
937,514.8,21491.17,-440.9,-55.86,6.0
938,515.35,21540.9,-442.5,-56.02,5.7
939,515.9,21590.57,-437.8,-55.48,6.0
940,516.45,21640.2,-439.7,-55.71,6.0
941,517,21689.73,-445.6,-56.58,7.0
942,517.55,21739.2,-445.7,-56.51,6.4
943,518.1,21788.55,-440.6,-55.90,6.6
944,518.65,21837.86,-436.9,-55.33,5.7
945,519.2,21887.12,-432.8,-54.77,5.4
946,519.75,21936.37,-446.1,-56.47,5.7
947,520.3,21985.63,-443.7,-56.17,5.7
948,520.85,22034.9,-438.8,-55.58,5.8
949,521.4,22084.18,-443.3,-55.96,4.4
950,521.95,22133.44,-446.2,-56.57,6.4
951,522.5,22182.7,-442.9,-56.09,5.8
952,523.05,22231.95,-439.2,-55.55,5.2
953,523.6,22281.22,-437.7,-55.59,7.0
954,524.15,22330.56,-436.2,-55.19,5.3
955,524.7,22380,-442,-56.05,6.4
956,525.25,22429.58,-440.3,-55.87,6.7
957,525.8,22479.33,-443.1,-56.08,5.5
958,526.35,22529.19,-442.2,-56.18,7.2
959,526.9,22579.17,-444.4,-56.43,7.0
960,527.45,22629.19,-445.4,-56.66,7.9
961,528,22679.2,-443.5,-56.30,6.9
962,528.55,22729.18,-438.3,-55.43,5.1
963,529.1,22779.05,-445.8,-56.43,5.6
964,529.65,22828.83,-445,-56.37,6.0
965,530.2,22878.49,-435.6,-55.24,6.3
966,530.75,22928.07,-440.3,-55.80,6.1
967,531.3,22977.58,-442,-55.91,5.3
968,531.85,23027.06,-437.9,-55.43,5.5
969,532.4,23076.53,-440.8,-55.88,6.2
970,532.95,23125.98,-445.1,-56.40,6.1
971,533.5,23175.42,-439.5,-55.76,6.6
972,534.05,23224.78,-445.5,-56.48,6.3
973,534.6,23274.05,-441.7,-55.97,6.1
974,535.15,23323.14,-443.3,-56.18,6.1
975,535.7,23372.03,-441.9,-55.97,5.9
976,536.25,23420.67,-444,-56.34,6.7
977,536.8,23468.99,-442.9,-56.05,5.5
978,537.35,23517.08,-440.2,-55.77,6.0
979,537.9,23564.85,-436.1,-55.36,6.8
980,538.45,23612.47,-438.6,-55.51,5.5
981,539,23659.91,-434.9,-55.08,5.7
982,539.55,23707.31,-439.5,-55.60,5.3
983,540.1,23754.67,-440.7,-55.85,6.1
984,540.65,23802.04,-438.3,-55.55,6.1
985,541.2,23849.45,-447.2,-56.71,6.5
986,541.75,23896.89,-441.8,-56.07,6.8
987,542.3,23944.35,-439.3,-55.69,6.2
988,542.85,23991.89,-441.3,-55.99,6.6
989,543.4,24039.48,-437.7,-55.41,5.6
990,543.95,24087.27,-438.9,-55.64,6.2
991,544.5,24135.19,-439.9,-55.80,6.5
992,545.05,24183.46,-437.4,-55.43,6.0
993,545.6,24231.95,-439.3,-55.75,6.7
994,546.15,24280.88,-441.4,-55.99,6.5
995,546.7,24330.11,-441.8,-56.10,7.0
996,547.25,24379.69,-448.1,-56.94,7.4
997,547.8,24429.56,-445.4,-56.56,7.1
998,548.35,24479.59,-443.4,-56.22,6.4
999,548.9,24529.74,-442.8,-56.24,7.1
1000,549.45,24579.93,-449.3,-57.05,7.1
1001,550,24630.05,-443.8,-56.28,6.4
1002,550.55,24680.13,-442.1,-55.99,5.8
1003,551.1,24730.08,-440,-55.80,6.4
1004,551.65,24779.97,-439.7,-55.70,5.9
1005,552.2,24829.77,-444.3,-56.42,7.1
1006,552.75,24879.54,-441.7,-55.96,6.0
1007,553.3,24929.29,-446.2,-56.59,6.5
1008,553.85,24979.09,-446.4,-56.69,7.1
1009,554.4,25028.93,-433.5,-54.95,6.1
1010,554.95,25078.92,-439.7,-55.77,6.5
1011,555.5,25129,-445.2,-56.29,5.1
1012,556.05,25179.3,-447.1,-56.75,6.9
1013,556.6,25229.68,-446.2,-56.54,6.1
1014,557.15,25280.21,-445.6,-56.48,6.2
1015,557.7,25330.8,-445.2,-56.46,6.5
1016,558.25,25381.44,-443.1,-56.23,6.7
1017,558.8,25432.1,-444.9,-56.58,7.7
1018,559.35,25482.77,-442.2,-56.01,5.9
1019,559.9,25533.42,-444.9,-56.35,5.9
1020,560.45,25584.06,-445.6,-56.48,6.2
1021,561,25634.65,-444.9,-56.38,6.1
1022,561.55,25685.19,-442,-56.16,7.3
1023,562.1,25735.66,-442,-56.09,6.7
1024,562.65,25786.04,-447.2,-56.82,7.4
1025,563.2,25836.3,-448.9,-57.05,7.5
1026,563.75,25886.38,-447.9,-56.82,6.7
1027,564.3,25936.32,-443.2,-56.18,6.2
1028,564.85,25986.07,-445.2,-56.50,6.8
1029,565.4,26035.72,-445,-56.32,5.6
1030,565.95,26085.28,-444,-56.16,5.3
1031,566.5,26134.83,-443.2,-56.26,6.9
1032,567.05,26184.4,-441.8,-56.03,6.4
1033,567.6,26234.01,-447.2,-56.79,7.1
1034,568.15,26283.68,-446.2,-56.75,7.8
1035,568.7,26333.37,-443.2,-56.19,6.3
1036,569.25,26383.08,-448.9,-56.98,6.9
1037,569.8,26432.79,-439.6,-55.88,7.4
1038,570.35,26482.49,-443.7,-56.46,8.0
1039,570.9,26532.18,-447.3,-56.76,6.8
1040,571.45,26581.85,-439.9,-55.78,6.3
1041,572,26631.51,-445.2,-56.51,6.9
1042,572.55,26681.15,-445.9,-56.71,7.8
1043,573.1,26730.77,-441.1,-55.93,6.3
1044,573.65,26780.36,-448.6,-56.99,7.3
1045,574.2,26829.91,-445.9,-56.64,7.2
1046,574.75,26879.4,-440.2,-55.73,5.6
1047,575.3,26928.85,-445.8,-56.64,7.3
1048,575.85,26978.23,-442.2,-56.21,7.5
1049,576.4,27027.57,-443.7,-56.34,7.0
1050,576.95,27076.8,-446,-56.70,7.6
1051,577.5,27125.95,-447.4,-56.82,7.2
1052,578.05,27174.93,-446.9,-56.79,7.4
1053,578.6,27223.83,-440.5,-55.90,6.7
1054,579.15,27272.6,-443.1,-56.29,7.2
1055,579.7,27321.29,-444.6,-56.39,6.5
1056,580.25,27369.87,-447.1,-56.80,7.3
1057,580.8,27418.19,-443.8,-56.32,6.8
1058,581.35,27466.31,-444.8,-56.53,7.4
1059,581.9,27513.92,-444.5,-56.46,7.2
1060,582.45,27561.25,-445.9,-56.60,6.9
1061,583,27607.88,-441.6,-56.13,7.4
1062,583.55,27654.35,-439,-55.81,7.5
1063,584.1,27700.68,-435.9,-55.52,8.3
1064,584.65,27747.07,-439.3,-55.99,8.6
1065,585.2,27793.59,-427.6,-54.18,5.8
1066,585.75,27840.02,-441.8,-56.01,6.3
1067,586.3,27886.39,-440.5,-55.74,5.5
1068,586.85,27932.72,-438.4,-55.60,6.4
1069,587.4,27979.05,-449.5,-56.98,6.3
1070,587.95,28025.37,-441.2,-55.86,5.7
1071,588.5,28071.72,-433.4,-54.92,6.0
1072,589.05,28118.13,-432.5,-54.72,5.2
1073,589.6,28164.6,-438,-55.36,4.9
1074,590.15,28211.2,-440,-55.93,7.5
1075,590.7,28257.9,-442.8,-56.13,6.2
1076,591.25,28304.72,-436.6,-55.37,6.4
1077,591.8,28351.67,-439.2,-55.72,6.6
1078,592.35,28398.71,-445.7,-56.59,7.0
1079,592.9,28445.88,-447.8,-56.92,7.6
1080,593.45,28493.11,-441.3,-55.88,5.7
1081,594,28540.48,-443,-56.06,5.5
1082,594.55,28587.87,-446.1,-56.67,7.2
1083,595.1,28635.23,-443,-56.30,7.4
1084,595.65,28682.48,-438.7,-55.61,6.2
1085,596.2,28729.54,-439.8,-55.84,6.9
1086,596.75,28776.4,-435.6,-55.32,7.0
1087,597.3,28823.08,-433.4,-54.97,6.4
1088,597.85,28869.53,-438.6,-55.64,6.5
1089,598.4,28915.83,-438.1,-55.43,5.4
1090,598.95,28961.88,-438,-55.50,6.0
1091,599.5,29007.79,-439.7,-55.88,7.3
1092,600.05,29053.45,-443.3,-56.28,6.9
1093,600.6,29098.98,-441.4,-56.13,7.6
1094,601.15,29144.3,-440,-55.86,6.9
1095,601.7,29189.49,-442.2,-56.05,6.2
1096,602.25,29234.55,-436.6,-55.42,6.7
1097,602.8,29279.44,-439.8,-55.81,6.7
1098,603.35,29324.24,-436.2,-55.25,5.8
1099,603.9,29368.98,-438.9,-55.68,6.5
1100,604.45,29413.72,-436.1,-55.48,7.7
1101,605,29458.53,-435.1,-55.46,8.6
1102,605.55,29503.38,-435.9,-55.48,7.9
1103,606.1,29548.31,-430.8,-54.82,7.7
1104,606.65,29593.28,-438.2,-55.70,7.4
1105,607.2,29638.33,-431.8,-54.85,7.0
1106,607.75,29683.44,-434.1,-55.21,7.6
1107,608.3,29728.61,-443.2,-56.47,8.5
1108,608.85,29773.87,-439.9,-56.04,8.4
1109,609.4,29819.19,-437.1,-55.64,8.0
1110,609.95,29864.72,-436.7,-55.52,7.5
1111,610.5,29910.37,-437.1,-55.62,7.9
1112,611.05,29956.34,-436.6,-55.53,7.7
1113,611.6,30002.47,-433.5,-55.19,8.0
1114,612.15,30048.9,-436.8,-55.35,6.0
1115,612.7,30095.57,-440.1,-55.86,6.8
1116,613.25,30142.52,-445.7,-56.60,7.1
1117,613.8,30189.81,-443.4,-56.36,7.4
1118,614.35,30237.32,-443,-56.28,7.2
1119,614.9,30285.21,-445.9,-56.60,6.9
1120,615.45,30333.26,-437.1,-55.48,6.7
1121,616,30381.57,-447,-56.93,8.4
1122,616.55,30429.97,-442.3,-56.15,6.9
1123,617.1,30478.53,-441.9,-56.28,8.3
1124,617.65,30527.17,-436.6,-55.59,8.1
1125,618.2,30575.92,-446.5,-56.67,6.8
1126,618.75,30624.71,-438.4,-55.82,8.2
1127,619.3,30673.53,-441.2,-56.01,6.9
1128,619.85,30722.35,-442,-56.17,7.4
1129,620.4,30771.17,-442,-56.21,7.7
1130,620.95,30820.03,-442.6,-56.00,5.4
1131,621.5,30868.92,-440.1,-55.71,5.6
1132,622.05,30917.95,-440.1,-55.71,5.6
1133,622.6,30967.08,-440.1,-55.71,5.6
1134,623.15,31016.4,-440.1,-55.71,5.6
1135,623.7,31065.85,-440.1,-55.71,5.6
1136,624.25,31115.44,-432.2,-54.71,5.4
1137,624.8,31165.15,-439,-55.69,6.5
1138,625.35,31214.96,-439.5,-55.89,7.6
1139,625.9,31264.88,-438,-55.61,6.9
1140,626.45,31314.86,-444,-56.26,6.1
1141,627,31364.91,-446.6,-56.78,7.6
1142,627.55,31414.95,-442.7,-56.34,8.0
1143,628.1,31464.96,-443.8,-56.46,7.9
1144,628.65,31514.9,-447.3,-56.79,7.0
1145,629.2,31564.76,-443.5,-56.24,6.4
1146,629.75,31614.47,-440.4,-56.03,7.8
1147,630.3,31664.05,-441.4,-55.97,6.3
1148,630.85,31713.31,-440.4,-56.01,7.7
1149,631.4,31762.39,-446.3,-56.84,8.4
1150,631.95,31811.05,-440.5,-55.81,6.0
1151,632.5,31859.51,-449.3,-57.36,9.6
1152,633.05,31907.54,-442.2,-56.42,9.1
1153,633.6,31955.35,-431.9,-54.87,7.1
1154,634.15,32002.76,-436.8,-55.61,8.0
1155,634.7,32049.88,-440.3,-55.99,7.6
1156,635.25,32096.67,-438,-55.89,9.1
1157,635.8,32143.32,-429.3,-54.71,8.4
1158,636.35,32189.87,-435.7,-55.52,8.5
1159,636.9,32236.51,-428.3,-54.24,5.6
1160,637.45,32283.2,-437.4,-55.54,6.9
1161,638,32330,-438.9,-55.90,8.3
1162,638.55,32376.85,-436.9,-55.54,7.5
1163,639.1,32423.81,-439.9,-55.96,7.8
1164,639.65,32470.83,-436.2,-55.60,8.6
1165,640.2,32517.94,-437.3,-55.37,5.6
1166,640.75,32565.14,-433.7,-55.34,9.0
1167,641.3,32612.43,-441.2,-55.84,5.5
1168,641.85,32659.84,-434.7,-55.35,8.1
1169,642.4,32707.32,-435.6,-55.27,6.5
1170,642.95,32754.96,-442.1,-56.40,9.1
1171,643.5,32802.66,-445.8,-56.64,7.3
1172,644.05,32850.44,-443.9,-56.53,8.4
1173,644.6,32898.22,-443,-56.31,7.5
1174,645.15,32945.98,-446.5,-56.72,7.2
1175,645.7,32993.69,-442.6,-56.29,7.7
1176,646.25,33041.34,-438.7,-55.77,7.5
1177,646.8,33088.81,-442.7,-56.32,7.9
1178,647.35,33136.15,-439.6,-55.88,7.4
1179,647.9,33183.09,-436.2,-55.37,6.8
1180,648.45,33229.84,-435.3,-55.27,6.9
1181,649,33276.13,-434.7,-55.29,7.6
1182,649.55,33322.27,-432.3,-55.03,7.9
1183,650.1,33368.16,-435.5,-55.42,7.9
1184,650.65,33414,-433.7,-55.08,7.0
1185,651.2,33459.8,-432,-54.93,7.5
1186,651.75,33505.59,-437,-55.50,7.0
1187,652.3,33551.37,-435.5,-55.39,7.7
1188,652.85,33597.3,-438,-55.68,7.4
1189,653.4,33643.33,-436,-55.37,7.0
1190,653.95,33689.68,-435.9,-55.54,8.4
1191,654.5,33736.19,-433.5,-54.95,6.1
1192,655.05,33783.03,-443.2,-56.28,7.1
1193,655.6,33830.03,-435.8,-55.33,6.8
1194,656.15,33877.3,-439.9,-55.77,6.2
1195,656.7,33924.74,-444.5,-56.36,6.4
1196,657.25,33972.37,-444.5,-56.36,6.4
1197,657.8,34020.23,-444.5,-56.36,6.4
1198,658.35,34068.23,-444.5,-56.36,6.4
1199,658.9,34116.39,-444.5,-56.36,6.4
1200,659.45,34164.6,-442.3,-55.97,5.5
1201,660,34212.86,-438.5,-55.42,4.9
1202,660.55,34261.14,-442.1,-56.02,6.1
1203,661.1,34309.47,-441.2,-56.05,7.2
1204,661.65,34357.79,-444.9,-56.62,8.0
1205,662.2,34406.1,-441.9,-56.33,8.7
1206,662.75,34454.26,-436.5,-55.50,7.5
1207,663.3,34502.28,-435.5,-55.42,7.9
1208,663.85,34550,-438.7,-55.82,7.9
1209,664.4,34597.52,-431.6,-54.89,7.5
1210,664.95,34644.68,-437.4,-55.69,8.1
1211,665.5,34691.64,-433.8,-55.04,6.5
1212,666.05,34738.18,-433.4,-55.09,7.3
1213,666.6,34784.49,-438.3,-55.79,8.0
1214,667.15,34830.38,-431.4,-54.84,7.3
1215,667.7,34876.01,-431.7,-54.96,8.0
1216,668.25,34921.32,-437.6,-55.73,8.2
1217,668.8,34966.36,-435.6,-55.43,7.8
1218,669.35,35011.2,-433.5,-55.17,7.9
1219,669.9,35055.75,-429.5,-54.67,7.9
1220,670.45,35100.17,-433.5,-54.91,5.7
1221,671,35144.43,-437.9,-55.38,5.2
1222,671.55,35188.68,-433.7,-55.15,7.5
1223,672.1,35232.97,-429.9,-54.53,6.3
1224,672.65,35277.32,-432.5,-54.99,7.4
1225,673.2,35321.77,-436.5,-55.43,6.9
1226,673.75,35366.36,-436.9,-55.64,8.2
1227,674.3,35411.09,-435.8,-55.24,6.1
1228,674.85,35456.08,-428.2,-54.31,6.3
1229,675.4,35501.24,-438.6,-55.73,7.2
1230,675.95,35546.72,-439.5,-55.77,6.7
1231,676.5,35592.33,-434.3,-55.12,6.7
1232,677.05,35638.2,-433.1,-55.09,7.6
1233,677.6,35684.16,-434.8,-55.23,7.1
1234,678.15,35730.28,-439.6,-55.80,6.8
1235,678.7,35776.5,-436.6,-55.47,7.2
1236,679.25,35822.85,-443,-56.27,7.2
1237,679.8,35869.33,-435.3,-55.10,5.5
1238,680.35,35915.89,-435.6,-55.30,6.8
1239,680.9,35962.58,-436,-55.42,7.4
1240,681.45,36009.34,-435.8,-55.50,8.2
1241,682,36056.24,-442,-56.26,8.1
1242,682.55,36103.2,-439.7,-55.78,6.6
1243,683.1,36150.27,-438.8,-55.67,6.6
1244,683.65,36197.41,-437.5,-55.68,7.9
1245,684.2,36244.63,-434.6,-55.31,7.9
1246,684.75,36291.91,-434.6,-55.27,7.6
1247,685.3,36339.23,-436.1,-55.46,7.6
1248,685.85,36386.53,-436.8,-55.59,7.9
1249,686.4,36433.82,-435.9,-55.36,7.0
1250,686.95,36481.05,-434.2,-55.08,6.5
1251,687.5,36528.23,-438.3,-55.67,7.1
1252,688.05,36575.3,-436.1,-55.32,6.5
1253,688.6,36622.28,-435.3,-55.33,7.3
1254,689.15,36669.09,-439.6,-55.82,6.9
1255,689.7,36715.76,-440.7,-55.96,7.0
1256,690.25,36762.28,-438.9,-55.80,7.5
1257,690.8,36808.61,-436.7,-55.50,7.3
1258,691.35,36854.81,-429.6,-54.55,6.8
1259,691.9,36900.7,-427.3,-54.20,6.3
1260,692.45,36946.42,-435.1,-55.26,7.0
1261,693,36991.71,-434.9,-55.30,7.5
1262,693.55,37036.77,-435,-55.37,7.9
1263,694.1,37081.39,-427.3,-54.43,8.1
1264,694.65,37125.72,-434.4,-55.00,5.6
1265,695.2,37169.66,-428.6,-54.38,6.5
1266,695.75,37213.24,-435.1,-55.27,7.1
1267,696.3,37256.52,-428.6,-54.36,6.3
1268,696.85,37299.38,-436.5,-55.43,6.9
1269,697.4,37342,-428.7,-54.36,6.2
1270,697.95,37384.22,-430.7,-54.91,8.6
1271,698.5,37426.26,-423.8,-53.92,7.5
1272,699.05,37467.93,-424.6,-54.00,7.4
1273,699.6,37509.44,-425.2,-54.01,6.9
1274,700.15,37550.67,-418.3,-53.17,7.0
1275,700.7,37591.79,-426,-54.27,8.2
1276,701.25,37632.79,-418.8,-53.20,6.8
1277,701.8,37673.73,-415.4,-52.58,5.2
1278,702.35,37714.64,-424.5,-53.81,6.0
1279,702.9,37755.53,-430.6,-54.70,7.0
1280,703.45,37796.4,-431,-54.44,4.5
1281,704,37837.28,-434.8,-55.06,5.7
1282,704.55,37878.18,-423.4,-53.63,5.6
1283,705.1,37919.12,-420.5,-53.35,6.3
1284,705.65,37960.08,-430.4,-54.62,6.6
1285,706.2,38001.07,-431.1,-54.74,6.9
1286,706.75,38042.1,-433.4,-54.81,5.1
1287,707.3,38083.17,-422.5,-53.60,6.3
1288,707.85,38124.28,-431.3,-54.64,5.8
1289,708.4,38165.43,-425.3,-54.08,7.3
1290,708.95,38206.66,-427,-54.37,8.0
1291,709.5,38247.93,-429.8,-54.61,7.1
1292,710.05,38289.32,-427.3,-54.26,6.8
1293,710.6,38330.78,-425.9,-54.16,7.4
1294,711.15,38372.36,-426,-54.10,6.8
1295,711.7,38413.97,-425.6,-54.04,6.7
1296,712.25,38455.63,-428.5,-54.44,7.0
1297,712.8,38497.25,-430.7,-54.67,6.7
1298,713.35,38538.86,-432.8,-54.99,7.1
1299,713.9,38580.43,-424.4,-53.94,7.1
1300,714.45,38622,-428.9,-54.34,5.8
1301,715,38663.63,-427.1,-54.26,7.0
1302,715.55,38705.31,-426.3,-54.06,6.2
1303,716.1,38747.15,-434.3,-55.40,8.9
1304,716.65,38789.1,-428.8,-54.43,6.6
1305,717.2,38831.22,-423.2,-53.91,8.1
1306,717.75,38873.67,-436,-55.44,7.5
1307,718.3,38916.4,-434,-55.08,6.6
1308,718.85,38959.71,-436.9,-55.29,5.4
1309,719.4,39003.35,-436,-55.29,6.3
1310,719.95,39047.67,-435.5,-55.20,6.1
1311,720.5,39092.33,-436.9,-55.46,6.8
1312,721.05,39137.73,-435.5,-55.26,6.6
1313,721.6,39183.55,-435.9,-55.28,6.3
1314,722.15,39230.1,-441.9,-56.07,6.7
1315,722.7,39277.13,-443,-56.28,7.3
1316,723.25,39324.7,-442.4,-56.09,6.3
1317,723.8,39372.76,-436.8,-55.30,5.6
1318,724.35,39421.13,-443.3,-56.32,7.3
1319,724.9,39469.96,-434.7,-55.22,7.0
1320,725.45,39518.98,-438.7,-55.84,8.0
1321,726,39568.23,-434.2,-55.15,7.0
1322,726.55,39617.49,-436.5,-55.27,5.6
1323,727.1,39666.66,-430.9,-54.76,7.2
1324,727.65,39715.74,-437.3,-55.45,6.3
1325,728.2,39764.66,-434.2,-55.07,6.3
1326,728.75,39813.42,-433.3,-54.90,5.9
1327,729.3,39862.04,-439.6,-55.80,6.8
1328,729.85,39910.43,-439,-55.61,5.9
1329,730.4,39958.7,-438.3,-55.57,6.3
1330,730.95,40006.75,-430.9,-54.47,4.8
1331,731.5,40054.71,-433,-54.89,6.1
1332,732.05,40102.53,-431.3,-54.59,5.4
1333,732.6,40150.29,-439.1,-55.72,6.6
1334,733.15,40197.96,-441.2,-55.94,6.3
1335,733.7,40245.57,-440.2,-55.78,6.0
1336,734.25,40293.12,-440.1,-55.70,5.5
1337,734.8,40340.61,-440.8,-55.77,5.3
1338,735.35,40388.06,-438.4,-55.39,4.8
1339,735.9,40435.44,-436.7,-55.21,5.0
1340,736.45,40482.78,-444.3,-56.22,5.5
1341,737,40530.05,-436.8,-55.31,5.7
1342,737.55,40577.28,-436,-55.30,6.4
1343,738.1,40624.42,-434.5,-54.91,4.8
1344,738.65,40671.52,-433.3,-54.65,3.9
1345,739.2,40718.55,-439.4,-55.63,5.6
1346,739.75,40765.49,-431.7,-54.60,5.1
1347,740.3,40812.37,-426.5,-54.00,5.5
1348,740.85,40859.13,-433.2,-54.93,6.2
1349,741.4,40905.83,-433.4,-54.86,5.5
1350,741.95,40952.43,-434.9,-55.11,6.0
1351,742.5,40998.99,-439.4,-55.83,7.2
1352,743.05,41045.49,-427.8,-54.05,4.6
1353,743.6,41091.97,-441,-55.62,4.0
1354,744.15,41138.42,-434.7,-54.99,5.2
1355,744.7,41184.89,-440.4,-55.85,6.4
1356,745.25,41231.38,-435.7,-55.04,4.6
1357,745.8,41277.95,-437.3,-55.53,7.0
1358,746.35,41324.59,-441.9,-55.87,5.1
1359,746.9,41371.37,-438.2,-55.43,5.2
1360,747.45,41418.23,-440.9,-55.80,5.5
1361,748,41465.32,-440.5,-55.81,6.0
1362,748.55,41512.57,-440.6,-55.85,6.2
1363,749.1,41560.13,-442.5,-56.16,6.8
1364,749.65,41607.9,-442.4,-55.82,4.2
1365,750.2,41655.94,-437.4,-55.50,6.6
1366,750.75,41704.21,-441.5,-55.97,6.2
1367,751.3,41752.68,-433.2,-54.83,5.5
1368,751.85,41801.39,-437.2,-55.36,5.7
1369,752.4,41850.25,-438.3,-55.60,6.5
1370,752.95,41899.28,-433.3,-54.80,5.1
1371,753.5,41948.35,-433.4,-54.81,5.1
1372,754.05,41997.44,-434.7,-54.87,4.3
1373,754.6,42046.5,-438.9,-55.78,7.3
1374,755.15,42095.51,-430.8,-54.67,6.5
1375,755.7,42144.42,-439.3,-55.70,6.3
1376,756.25,42193.2,-433.8,-55.04,6.5
1377,756.8,42241.75,-435.8,-55.15,5.4
1378,757.35,42290.14,-432.6,-54.97,7.1
1379,757.9,42338.21,-428.6,-54.45,7.0
1380,758.45,42386.12,-430.5,-54.35,4.3
1381,759,42433.6,-430.2,-54.57,6.4
1382,759.55,42480.85,-431.3,-54.75,6.7
1383,760.1,42527.6,-427.8,-54.35,7.0
1384,760.65,42574.06,-429.1,-54.45,6.5
1385,761.2,42620.13,-433.2,-54.98,6.6
1386,761.75,42665.88,-429.1,-54.46,6.5
1387,762.3,42711.35,-436.4,-55.47,7.4
1388,762.85,42756.53,-435.8,-55.36,7.0
1389,763.4,42801.55,-426.9,-54.16,6.4
1390,763.95,42846.39,-429.7,-54.45,5.9
1391,764.5,42891.18,-432.3,-54.72,5.5
1392,765.05,42935.9,-435.6,-55.22,6.2
1393,765.6,42980.64,-436.6,-55.40,6.6
1394,766.15,43025.46,-432.4,-54.66,4.9
1395,766.7,43070.5,-433.6,-54.92,5.8
1396,767.25,43115.78,-435.1,-55.15,6.1
1397,767.8,43161.43,-431.5,-54.68,6.0
1398,768.35,43207.33,-438.8,-55.67,6.5
1399,768.9,43253.66,-440.4,-55.84,6.3
1400,769.45,43300.2,-438.4,-55.59,6.3
1401,770,43347.2,-436.3,-55.31,6.2
1402,770.55,43394.41,-437.7,-55.60,7.1
1403,771.1,43442.03,-441.1,-55.86,5.8
1404,771.65,43489.86,-435.3,-55.05,5.1
1405,772.2,43537.96,-441,-55.84,5.7
1406,772.75,43586.27,-443.2,-56.27,6.9
1407,773.3,43634.74,-441.6,-56.08,7.0
1408,773.85,43683.38,-440.7,-55.95,6.9
1409,774.4,43732.11,-433.2,-54.93,6.2
1410,774.95,43780.88,-430.3,-54.49,5.6
1411,775.5,43829.65,-438.7,-55.78,7.5
1412,776.05,43878.4,-438,-55.52,6.2
1413,776.6,43927.09,-436.8,-55.44,6.8
1414,777.15,43975.69,-435,-55.16,6.3
1415,777.7,44024.16,-428,-54.24,5.9
1416,778.25,44072.48,-440,-55.74,5.9
1417,778.8,44120.62,-435.4,-55.19,6.1
1418,779.35,44168.62,-438,-55.36,4.9
1419,779.9,44216.4,-433.3,-54.99,6.6
1420,780.45,44264.07,-433.2,-54.94,6.3
1421,781,44311.48,-431.9,-54.60,4.9
1422,781.55,44358.78,-431.3,-54.52,4.9
1423,782.1,44405.85,-435.6,-55.21,6.1
1424,782.65,44452.78,-432.8,-54.86,6.0
1425,783.2,44499.52,-428.6,-54.34,6.1
1426,783.75,44546.1,-429.7,-54.53,6.6
1427,784.3,44592.53,-434.1,-55.04,6.2
1428,784.85,44638.75,-425.7,-53.95,5.9
1429,785.4,44684.83,-431.7,-54.89,7.5
1430,785.95,44730.65,-429.8,-54.60,7.0
1431,786.5,44776.34,-430.2,-54.68,7.3
1432,787.05,44821.74,-430.9,-54.64,6.2
