age,del_18O,del_D,d-excess,Tsite,Tsource,Tsource-Tsite
100,-55.13,-426.82,14.20,-0.16,-0.22,-0.06
300,-55.13,-426.58,14.47,-0.01,0.07,0.08
500,-55.23,-427.29,14.58,-0.10,0.07,0.17
700,-55.22,-427.13,14.65,-0.05,0.16,0.20
900,-54.93,-424.60,14.80,0.51,0.71,0.20
1100,-55.04,-425.50,14.84,0.35,0.60,0.25
1300,-54.87,-424.54,14.41,0.37,0.35,-0.02
1500,-54.82,-424.52,14.01,0.22,-0.02,-0.24
1700,-55.04,-426.43,13.93,-0.19,-0.40,-0.21
1900,-55.25,-427.85,14.14,-0.38,-0.42,-0.04
2100,-55.31,-428.37,14.08,-0.51,-0.56,-0.05
2300,-55.59,-430.50,14.21,-0.87,-0.77,0.10
2500,-55.39,-428.79,14.36,-0.48,-0.36,0.13
2700,-55.21,-427.16,14.56,-0.08,0.09,0.18
2900,-55.19,-427.21,14.29,-0.20,-0.16,0.03
3100,-55.08,-426.24,14.43,0.05,0.13,0.08
3300,-55.08,-425.74,14.94,0.34,0.69,0.34
3500,-55.26,-426.92,15.17,0.21,0.72,0.52
3700,-55.24,-426.88,15.05,0.17,0.62,0.45
3900,-55.31,-427.28,15.22,0.15,0.72,0.56
4100,-55.42,-428.24,15.09,-0.08,0.45,0.53
4300,-55.40,-428.61,14.59,-0.35,-0.08,0.27
4500,-55.38,-428.37,14.65,-0.28,0.02,0.30
4700,-55.50,-429.40,14.59,-0.50,-0.19,0.31
4900,-55.40,-428.37,14.80,-0.22,0.17,0.39
5100,-55.38,-428.07,14.95,-0.10,0.36,0.47
5300,-55.21,-426.86,14.80,0.08,0.42,0.35
5500,-55.20,-427.16,14.47,-0.11,0.08,0.18
5700,-55.25,-427.33,14.65,-0.07,0.22,0.29
5900,-55.20,-427.45,14.14,-0.29,-0.26,0.03
6100,-54.98,-426.31,13.49,-0.32,-0.69,-0.37
6300,-54.99,-426.41,13.54,-0.32,-0.65,-0.33
6500,-54.87,-425.45,13.48,-0.16,-0.55,-0.39
6700,-54.82,-425.32,13.22,-0.23,-0.77,-0.53
6900,-54.69,-424.21,13.33,0.03,-0.48,-0.51
7100,-54.80,-424.70,13.70,0.08,-0.19,-0.27
7300,-54.84,-424.87,13.87,0.11,-0.06,-0.17
7500,-54.82,-424.87,13.73,0.06,-0.18,-0.24
7700,-54.69,-424.07,13.45,0.11,-0.31,-0.41
7900,-54.97,-426.29,13.48,-0.32,-0.62,-0.31
8100,-54.87,-425.55,13.43,-0.19,-0.53,-0.35
8300,-54.81,-425.33,13.18,-0.24,-0.72,-0.48
8500,-54.91,-425.83,13.46,-0.23,-0.52,-0.30
8700,-54.93,-425.78,13.69,-0.13,-0.29,-0.16
8900,-54.62,-423.54,13.41,0.21,-0.17,-0.38
9100,-54.59,-423.52,13.18,0.12,-0.37,-0.49
9300,-54.38,-421.79,13.27,0.50,0.01,-0.48
9500,-54.22,-420.77,13.01,0.60,-0.04,-0.64
9700,-54.09,-419.69,13.04,0.83,0.19,-0.64
9900,-54.06,-419.33,13.14,0.94,0.37,-0.57
10100,-53.81,-417.28,13.16,1.35,0.73,-0.61
10300,-53.83,-417.57,13.05,1.25,0.61,-0.64
10500,-53.81,-417.47,13.01,1.26,0.62,-0.64
10700,-53.78,-417.65,12.60,1.07,0.24,-0.83
10900,-53.64,-416.78,12.33,1.14,0.16,-0.97
11100,-53.74,-417.70,12.18,0.90,-0.09,-0.99
11300,-53.67,-417.42,11.96,0.88,-0.20,-1.08
11500,-53.71,-417.68,11.99,0.84,-0.17,-1.01
11700,-53.91,-419.13,12.13,0.62,-0.21,-0.83
11900,-54.32,-422.18,12.40,0.14,-0.38,-0.52
12100,-54.63,-424.70,12.36,-0.35,-0.75,-0.39
12300,-54.87,-426.62,12.35,-0.72,-1.00,-0.28
12500,-55.29,-430.04,12.26,-1.42,-1.57,-0.15
12700,-55.60,-432.39,12.40,-1.81,-1.74,0.07
12900,-55.61,-432.44,12.46,-1.78,-1.62,0.16
13100,-55.86,-433.98,12.93,-1.89,-1.36,0.53
13300,-56.12,-435.85,13.09,-2.18,-1.44,0.74
13500,-56.15,-436.04,13.20,-2.17,-1.31,0.86
13700,-56.10,-435.60,13.19,-2.08,-1.19,0.89
13900,-55.99,-435.08,12.84,-2.11,-1.39,0.72
14100,-55.95,-434.89,12.68,-2.12,-1.46,0.67
14300,-55.76,-433.66,12.40,-1.99,-1.48,0.51
14500,-55.63,-432.86,12.20,-1.90,-1.49,0.42
14700,-55.68,-433.40,12.02,-2.07,-1.69,0.38
14900,-56.01,-435.94,12.11,-2.52,-1.94,0.57
15100,-56.08,-436.69,11.98,-2.70,-2.13,0.58
15300,-56.24,-437.65,12.29,-2.76,-1.94,0.82
15500,-56.27,-437.80,12.35,-2.76,-1.85,0.90
15700,-56.33,-438.23,12.38,-2.82,-1.85,0.97
15900,-56.51,-439.67,12.45,-3.07,-1.96,1.11
16100,-56.76,-441.74,12.36,-3.49,-2.32,1.17
16300,-57.10,-444.67,12.12,-4.14,-2.96,1.19
16500,-57.62,-448.80,12.15,-4.92,-3.52,1.40
16700,-58.18,-453.09,12.32,-5.67,-3.98,1.69
16900,-58.33,-454.44,12.18,-5.98,-4.29,1.69
17100,-58.46,-455.32,12.32,-6.09,-4.26,1.82
17300,-58.85,-457.84,12.93,-6.33,-4.04,2.28
17500,-58.96,-458.77,12.90,-6.52,-4.20,2.32
17700,-58.94,-459.06,12.48,-6.73,-4.62,2.12
17900,-59.25,-461.26,12.71,-7.06,-4.71,2.35
18100,-59.42,-462.70,12.65,-7.36,-4.98,2.38
18300,-59.41,-463.03,12.21,-7.59,-5.43,2.16
18500,-59.45,-463.50,12.11,-7.72,-5.59,2.13
18700,-59.33,-462.71,11.95,-7.63,-5.62,2.01
18900,-59.29,-462.66,11.62,-7.75,-5.91,1.83
19100,-59.37,-463.42,11.56,-7.92,-6.09,1.83
19300,-59.41,-463.79,11.51,-8.01,-6.19,1.82
19500,-59.37,-463.25,11.70,-7.83,-5.93,1.90
19700,-59.45,-463.34,12.30,-7.62,-5.39,2.23
19900,-59.46,-462.90,12.78,-7.34,-4.87,2.47
20100,-59.50,-462.91,13.12,-7.21,-4.55,2.66
20300,-59.62,-463.46,13.51,-7.17,-4.28,2.89
20500,-59.73,-464.22,13.62,-7.27,-4.30,2.97
20700,-59.85,-465.02,13.75,-7.37,-4.30,3.07
20900,-59.95,-465.85,13.79,-7.52,-4.39,3.13
21100,-59.96,-465.72,13.97,-7.42,-4.20,3.22
21300,-59.88,-464.91,14.10,-7.22,-3.97,3.25
21500,-59.88,-464.67,14.35,-7.07,-3.70,3.38
21700,-59.97,-465.41,14.31,-7.23,-3.86,3.38
21900,-59.98,-465.37,14.49,-7.16,-3.69,3.47
22100,-60.03,-466.10,14.16,-7.43,-4.12,3.31
22300,-60.09,-466.76,13.95,-7.64,-4.42,3.22
22500,-59.99,-466.10,13.83,-7.56,-4.45,3.12
22700,-59.84,-464.83,13.87,-7.30,-4.22,3.08
22900,-59.62,-463.57,13.39,-7.25,-4.48,2.77
23100,-59.41,-462.18,13.07,-7.11,-4.58,2.53
23300,-59.23,-460.60,13.26,-6.73,-4.17,2.56
23500,-59.31,-461.13,13.36,-6.80,-4.17,2.63
23700,-59.45,-462.44,13.20,-7.11,-4.53,2.58
23900,-59.56,-463.45,13.05,-7.37,-4.83,2.54
24100,-59.63,-463.95,13.07,-7.46,-4.90,2.55
24300,-59.72,-464.94,12.80,-7.76,-5.32,2.44
24500,-59.73,-465.29,12.57,-7.91,-5.59,2.32
24700,-59.65,-464.83,12.34,-7.92,-5.74,2.17
24900,-59.67,-464.56,12.84,-7.67,-5.24,2.43
25100,-59.85,-465.16,13.62,-7.48,-4.61,2.87
25300,-60.00,-465.86,14.13,-7.42,-4.24,3.18
25500,-60.07,-466.20,14.40,-7.38,-4.05,3.33
25700,-59.95,-464.71,14.89,-6.90,-3.37,3.53
25900,-59.78,-463.42,14.80,-6.69,-3.27,3.42
26100,-59.65,-462.84,14.34,-6.77,-3.63,3.13
26300,-59.64,-463.10,14.04,-6.94,-3.96,2.97
26500,-59.65,-462.85,14.34,-6.77,-3.66,3.12
26700,-59.77,-463.45,14.73,-6.74,-3.39,3.34
26900,-59.77,-463.37,14.81,-6.69,-3.31,3.38
27100,-59.82,-463.67,14.86,-6.73,-3.33,3.40
27300,-59.62,-462.39,14.59,-6.60,-3.40,3.19
27500,-59.44,-461.44,14.05,-6.63,-3.78,2.85
27700,-59.37,-461.53,13.46,-6.88,-4.36,2.52
27900,-59.43,-462.16,13.29,-7.07,-4.63,2.44
28100,-59.30,-460.99,13.43,-6.79,-4.33,2.46
28300,-59.29,-460.52,13.79,-6.56,-3.93,2.63
28500,-59.20,-459.61,14.00,-6.30,-3.60,2.70
28700,-59.25,-459.69,14.32,-6.20,-3.33,2.87
28900,-59.37,-460.29,14.68,-6.18,-3.10,3.08
29100,-59.41,-460.59,14.69,-6.23,-3.14,3.09
29300,-59.30,-459.91,14.47,-6.19,-3.26,2.93
29500,-59.55,-461.96,14.41,-6.61,-3.64,2.97
29700,-59.54,-462.18,14.12,-6.77,-3.97,2.80
29900,-59.47,-462.09,13.69,-6.92,-4.37,2.55
30100,-59.53,-462.76,13.46,-7.14,-4.71,2.44
30300,-59.52,-462.72,13.46,-7.14,-4.71,2.43
30500,-59.54,-462.72,13.60,-7.08,-4.59,2.49
30700,-59.71,-463.99,13.73,-7.28,-4.68,2.61
30900,-59.80,-464.50,13.93,-7.30,-4.57,2.73
31100,-59.75,-463.77,14.19,-7.06,-4.23,2.83
31300,-59.77,-463.88,14.25,-7.06,-4.19,2.87
31500,-59.66,-463.37,13.90,-7.10,-4.45,2.65
31700,-59.38,-461.34,13.72,-6.78,-4.32,2.46
31900,-59.13,-459.69,13.36,-6.60,-4.41,2.20
32100,-59.03,-459.27,13.00,-6.67,-4.69,1.97
32300,-59.09,-459.67,13.01,-6.74,-4.75,1.99
32500,-58.99,-458.65,13.28,-6.44,-4.34,2.10
32700,-58.88,-457.59,13.43,-6.18,-4.04,2.13
32900,-58.98,-457.86,13.96,-6.02,-3.59,2.43
33100,-59.00,-457.80,14.19,-5.92,-3.38,2.54
33300,-59.03,-457.96,14.30,-5.91,-3.30,2.61
33500,-59.13,-458.56,14.44,-5.97,-3.27,2.71
33700,-59.33,-460.18,14.48,-6.27,-3.49,2.78
33900,-59.36,-460.67,14.21,-6.47,-3.82,2.65
34100,-59.25,-459.64,14.39,-6.21,-3.51,2.70
34300,-58.99,-457.64,14.24,-5.88,-3.34,2.54
34500,-58.73,-456.30,13.57,-5.88,-3.77,2.11
34700,-58.54,-455.07,13.29,-5.76,-3.86,1.90
34900,-58.32,-453.37,13.16,-5.48,-3.73,1.75
35100,-58.20,-453.08,12.54,-5.67,-4.28,1.39
35300,-58.41,-454.81,12.48,-6.03,-4.61,1.42
35500,-58.56,-455.75,12.77,-6.10,-4.49,1.61
35700,-58.57,-455.67,12.89,-6.04,-4.38,1.66
35900,-58.52,-455.16,13.02,-5.89,-4.19,1.71
36100,-58.47,-454.43,13.34,-5.63,-3.78,1.85
36300,-58.30,-452.86,13.53,-5.25,-3.37,1.89
36500,-58.02,-450.53,13.66,-4.75,-2.89,1.86
36700,-57.73,-448.20,13.61,-4.32,-2.58,1.74
36900,-57.61,-447.72,13.18,-4.40,-2.91,1.48
37100,-57.73,-448.88,12.98,-4.70,-3.29,1.41
37300,-57.93,-450.57,12.91,-5.06,-3.63,1.43
37500,-58.09,-451.84,12.87,-5.32,-3.86,1.46
37700,-58.35,-453.55,13.23,-5.51,-3.79,1.72
37900,-58.37,-453.40,13.60,-5.33,-3.42,1.92
38100,-58.31,-452.74,13.73,-5.16,-3.20,1.96
38300,-58.22,-451.94,13.82,-4.96,-2.99,1.98
38500,-58.27,-452.23,13.92,-4.98,-2.95,2.04
38700,-58.28,-452.66,13.55,-5.21,-3.36,1.85
38900,-58.56,-455.05,13.45,-5.71,-3.83,1.89
39100,-58.74,-456.66,13.29,-6.09,-4.23,1.86
39300,-58.74,-457.06,12.83,-6.34,-4.73,1.62
39500,-58.72,-457.30,12.43,-6.55,-5.15,1.40
39700,-58.79,-458.33,12.00,-6.91,-5.71,1.21
39900,-58.67,-457.15,12.18,-6.62,-5.37,1.25
40100,-58.60,-456.23,12.58,-6.28,-4.85,1.44
40300,-58.61,-456.00,12.90,-6.12,-4.52,1.60
40500,-58.70,-456.48,13.15,-6.11,-4.35,1.76
40700,-58.72,-455.79,13.98,-5.66,-3.48,2.18
40900,-58.76,-455.96,14.13,-5.63,-3.37,2.26
41100,-58.71,-455.62,14.03,-5.60,-3.41,2.19
41300,-58.62,-455.12,13.85,-5.58,-3.51,2.07
41500,-58.50,-454.39,13.58,-5.55,-3.66,1.88
41700,-58.49,-454.77,13.16,-5.78,-4.12,1.66
41900,-58.43,-454.67,12.80,-5.91,-4.46,1.45
42100,-58.45,-454.94,12.62,-6.03,-4.67,1.36
42300,-58.50,-455.40,12.57,-6.14,-4.79,1.35
42500,-58.60,-456.22,12.56,-6.31,-4.94,1.37
42700,-58.49,-455.47,12.44,-6.21,-4.94,1.27
42900,-58.52,-455.35,12.77,-6.06,-4.62,1.44
43100,-58.60,-455.60,13.22,-5.93,-4.24,1.69
43300,-58.70,-455.93,13.66,-5.82,-3.89,1.94
43500,-58.72,-455.99,13.74,-5.80,-3.82,1.98
43700,-58.78,-456.32,13.93,-5.79,-3.70,2.09
43900,-58.75,-456.18,13.85,-5.80,-3.76,2.04
44100,-58.60,-455.10,13.72,-5.64,-3.72,1.92
44300,-58.30,-453.40,12.98,-5.60,-4.15,1.45
44500,-58.13,-452.18,12.89,-5.40,-4.06,1.35
44700,-58.02,-451.33,12.80,-5.28,-4.02,1.26
44900,-57.91,-450.80,12.50,-5.29,-4.23,1.06
45100,-57.60,-448.91,11.87,-5.17,-4.53,0.64
45300,-57.44,-447.49,12.02,-4.84,-4.17,0.67
45500,-57.53,-447.90,12.31,-4.81,-3.96,0.84
45700,-57.65,-448.95,12.24,-5.04,-4.20,0.84
45900,-57.57,-448.56,12.03,-5.05,-4.34,0.71
46100,-57.84,-450.24,12.46,-5.20,-4.20,1.01
46300,-58.12,-452.03,12.90,-5.37,-4.05,1.32
46500,-58.09,-451.90,12.83,-5.38,-4.10,1.28
46700,-57.86,-449.99,12.88,-4.99,-3.75,1.24
46900,-58.11,-451.94,12.93,-5.34,-4.00,1.34
47100,-58.34,-454.17,12.58,-5.91,-4.67,1.24
47300,-58.40,-454.98,12.20,-6.22,-5.15,1.06
47500,-58.26,-453.99,12.08,-6.07,-5.11,0.96
47700,-58.42,-455.09,12.25,-6.22,-5.12,1.10
47900,-58.33,-454.01,12.60,-5.87,-4.62,1.25
48100,-58.12,-452.24,12.75,-5.47,-4.21,1.26
48300,-58.15,-452.03,13.15,-5.28,-3.80,1.48
48500,-58.28,-453.12,13.11,-5.50,-4.00,1.50
48700,-58.31,-453.73,12.73,-5.77,-4.46,1.31
48900,-58.34,-453.97,12.78,-5.79,-4.45,1.35
49100,-58.42,-454.32,13.07,-5.75,-4.24,1.51
49300,-58.37,-454.03,12.96,-5.74,-4.29,1.44
49500,-58.33,-453.45,13.21,-5.53,-3.98,1.55
49700,-58.27,-452.81,13.37,-5.34,-3.73,1.61
49900,-58.17,-452.16,13.22,-5.28,-3.77,1.50
50100,-57.98,-451.11,12.73,-5.26,-4.07,1.19
50300,-57.80,-450.21,12.16,-5.31,-4.47,0.84
50500,-57.87,-450.86,12.08,-5.47,-4.65,0.82
50700,-57.89,-450.60,12.52,-5.25,-4.20,1.05
50900,-57.85,-449.96,12.82,-5.01,-3.81,1.19
51100,-57.87,-449.59,13.40,-4.71,-3.21,1.50
51300,-57.88,-449.16,13.85,-4.45,-2.72,1.73
51500,-57.63,-447.46,13.61,-4.21,-2.68,1.53
51700,-57.50,-446.15,13.84,-3.87,-2.26,1.61
51900,-57.35,-444.83,13.98,-3.56,-1.92,1.64
52100,-57.33,-444.88,13.76,-3.66,-2.14,1.52
52300,-57.39,-445.46,13.63,-3.82,-2.35,1.47
52500,-57.38,-445.22,13.86,-3.68,-2.09,1.59
52700,-57.44,-446.34,13.17,-4.17,-2.92,1.25
52900,-57.49,-447.56,12.35,-4.72,-3.87,0.85
53100,-57.45,-447.64,11.98,-4.88,-4.23,0.66
53300,-57.55,-448.32,12.11,-4.97,-4.21,0.76
53500,-57.74,-449.81,12.10,-5.26,-4.44,0.81
53700,-57.71,-449.38,12.34,-5.08,-4.14,0.93
53900,-57.79,-449.42,12.87,-4.88,-3.65,1.23
54100,-58.06,-451.27,13.20,-5.10,-3.62,1.49
54300,-58.04,-451.29,13.06,-5.16,-3.75,1.41
54500,-58.03,-451.24,13.02,-5.17,-3.77,1.39
54700,-58.21,-452.74,12.98,-5.47,-4.04,1.43
54900,-58.40,-454.12,13.08,-5.70,-4.16,1.54
55100,-58.33,-453.48,13.17,-5.54,-3.97,1.57
55300,-58.22,-452.71,13.05,-5.44,-3.97,1.47
55500,-58.03,-451.25,13.00,-5.17,-3.78,1.40
55700,-57.82,-449.74,12.85,-4.94,-3.69,1.26
55900,-57.66,-448.79,12.49,-4.90,-3.87,1.03
56100,-57.55,-448.13,12.30,-4.84,-3.94,0.91
56300,-57.52,-447.40,12.72,-4.53,-3.41,1.12
56500,-57.69,-448.50,13.00,-4.64,-3.31,1.32
56700,-57.84,-449.44,13.25,-4.72,-3.22,1.50
56900,-57.82,-449.05,13.48,-4.55,-2.93,1.62
57100,-57.85,-448.63,14.14,-4.21,-2.23,1.98
57300,-57.73,-447.71,14.12,-4.04,-2.10,1.94
57500,-57.48,-445.87,13.94,-3.75,-1.98,1.78
57700,-57.42,-445.55,13.80,-3.74,-2.05,1.70
57900,-57.48,-446.15,13.68,-3.91,-2.24,1.66
58100,-57.45,-446.14,13.45,-3.99,-2.45,1.54
58300,-57.57,-447.16,13.37,-4.22,-2.68,1.54
58500,-57.55,-447.48,12.95,-4.45,-3.12,1.32
58700,-57.42,-446.62,12.78,-4.35,-3.14,1.20
58900,-57.45,-446.58,13.04,-4.24,-2.89,1.35
59100,-57.55,-447.65,12.73,-4.56,-3.33,1.23
59300,-57.71,-449.01,12.66,-4.85,-3.60,1.25
59500,-57.95,-450.49,13.11,-4.96,-3.39,1.57
59700,-58.14,-451.91,13.24,-5.18,-3.47,1.71
59900,-58.23,-452.92,12.93,-5.49,-3.91,1.58
60100,-58.28,-453.61,12.62,-5.75,-4.30,1.44
60300,-58.36,-454.26,12.60,-5.88,-4.41,1.46
60500,-58.47,-454.87,12.88,-5.88,-4.23,1.65
60700,-58.52,-454.99,13.20,-5.78,-3.94,1.84
60900,-58.56,-455.51,12.93,-5.99,-4.28,1.71
61100,-58.69,-456.33,13.17,-6.05,-4.18,1.87
61300,-58.91,-457.85,13.42,-6.25,-4.17,2.07
61500,-59.05,-459.23,13.15,-6.62,-4.65,1.97
61700,-59.14,-460.37,12.79,-6.98,-5.17,1.81
61900,-59.37,-461.90,13.07,-7.17,-5.14,2.03
62100,-59.48,-462.65,13.20,-7.26,-5.14,2.13
62300,-59.44,-462.51,13.04,-7.30,-5.27,2.03
62500,-59.28,-460.94,13.31,-6.89,-4.77,2.12
62700,-59.13,-459.33,13.72,-6.42,-4.13,2.29
62900,-59.06,-458.53,13.92,-6.18,-3.82,2.36
63100,-58.93,-457.11,14.36,-5.74,-3.19,2.55
63300,-58.83,-455.85,14.81,-5.32,-2.57,2.75
63500,-59.08,-457.88,14.79,-5.72,-2.90,2.82
63700,-59.36,-460.17,14.71,-6.19,-3.33,2.86
63900,-59.42,-460.61,14.75,-6.26,-3.36,2.89
64100,-59.46,-461.36,14.32,-6.58,-3.90,2.68
64300,-59.50,-462.15,13.82,-6.93,-4.50,2.42
64500,-59.39,-461.19,13.93,-6.70,-4.25,2.44
64700,-59.29,-460.22,14.09,-6.45,-3.97,2.48
64900,-59.29,-460.27,14.05,-6.48,-4.01,2.46
65100,-59.38,-461.01,14.01,-6.64,-4.17,2.47
65300,-59.47,-461.85,13.88,-6.85,-4.42,2.43
65500,-59.60,-463.31,13.49,-7.28,-5.01,2.27
65700,-59.75,-464.90,13.13,-7.73,-5.60,2.14
65900,-59.71,-464.44,13.25,-7.59,-5.40,2.19
66100,-59.73,-464.29,13.53,-7.46,-5.12,2.34
66300,-59.80,-464.46,13.91,-7.34,-4.79,2.55
66500,-59.76,-463.78,14.30,-7.06,-4.32,2.74
66700,-59.79,-463.67,14.64,-6.90,-3.99,2.92
66900,-59.82,-463.93,14.67,-6.94,-4.01,2.94
67100,-59.74,-463.24,14.66,-6.82,-3.92,2.89
67300,-59.86,-463.95,14.89,-6.87,-3.83,3.04
67500,-59.91,-464.41,14.83,-6.98,-3.96,3.02
67700,-59.82,-463.79,14.75,-6.90,-3.97,2.93
67900,-59.81,-463.72,14.79,-6.87,-3.93,2.94
68100,-59.85,-464.16,14.60,-7.03,-4.19,2.84
68300,-59.67,-462.83,14.52,-6.81,-4.09,2.72
68500,-59.62,-462.30,14.68,-6.65,-3.87,2.78
68700,-59.63,-462.20,14.84,-6.57,-3.72,2.85
68900,-59.64,-461.96,15.14,-6.41,-3.42,2.99
69100,-59.71,-462.11,15.61,-6.26,-3.02,3.24
69300,-59.76,-462.27,15.78,-6.22,-2.90,3.33
69500,-59.75,-461.91,16.08,-6.04,-2.57,3.47
69700,-59.82,-462.14,16.43,-5.95,-2.30,3.65
69900,-59.77,-461.70,16.42,-5.87,-2.26,3.62
70100,-59.61,-460.44,16.47,-5.61,-2.03,3.58
70300,-59.51,-459.45,16.63,-5.36,-1.74,3.61
70500,-59.29,-457.68,16.63,-5.02,-1.50,3.53
70700,-58.93,-455.17,16.25,-4.69,-1.49,3.20
70900,-58.77,-453.98,16.20,-4.48,-1.38,3.11
71100,-58.75,-453.77,16.21,-4.44,-1.35,3.09
71300,-58.73,-453.72,16.11,-4.47,-1.46,3.01
71500,-58.92,-455.11,16.22,-4.71,-1.60,3.11
71700,-58.99,-455.53,16.38,-4.73,-1.54,3.19
71900,-58.99,-455.60,16.34,-4.76,-1.61,3.15
72100,-59.04,-456.02,16.27,-4.88,-1.77,3.11
72300,-59.11,-456.71,16.15,-5.06,-2.01,3.05
72500,-59.10,-457.13,15.70,-5.32,-2.52,2.80
72700,-59.23,-457.83,15.99,-5.35,-2.38,2.97
72900,-59.20,-457.44,16.17,-5.21,-2.18,3.03
73100,-58.98,-455.58,16.24,-4.82,-1.83,2.99
73300,-58.71,-453.25,16.40,-4.31,-1.34,2.97
73500,-58.57,-452.02,16.57,-4.01,-1.01,3.00
73700,-58.36,-450.55,16.31,-3.83,-1.04,2.78
73900,-58.41,-451.04,16.25,-3.95,-1.20,2.75
74100,-58.44,-451.43,16.05,-4.11,-1.47,2.64
74300,-58.33,-450.99,15.62,-4.19,-1.83,2.37
74500,-58.13,-449.63,15.41,-4.02,-1.84,2.18
74700,-58.01,-448.72,15.32,-3.88,-1.80,2.08
74900,-57.83,-447.67,14.99,-3.80,-1.96,1.84
75100,-57.89,-448.16,14.99,-3.90,-2.05,1.85
75300,-57.88,-447.96,15.06,-3.84,-1.97,1.87
75500,-57.80,-447.30,15.12,-3.69,-1.82,1.86
75700,-57.86,-447.78,15.10,-3.79,-1.92,1.87
75900,-58.14,-449.78,15.38,-4.07,-1.98,2.09
76100,-58.29,-450.81,15.48,-4.24,-2.06,2.18
76300,-58.40,-451.56,15.67,-4.31,-2.00,2.31
76500,-58.38,-451.40,15.68,-4.27,-1.97,2.30
76700,-58.29,-450.73,15.60,-4.17,-1.95,2.23
76900,-58.04,-448.93,15.35,-3.92,-1.90,2.02
77100,-57.85,-447.60,15.23,-3.71,-1.82,1.89
77300,-57.82,-447.44,15.10,-3.73,-1.92,1.81
77500,-57.95,-448.62,14.95,-4.02,-2.26,1.76
77700,-58.18,-450.67,14.80,-4.48,-2.73,1.75
77900,-58.39,-452.30,14.82,-4.79,-2.98,1.82
78100,-58.43,-452.50,14.96,-4.78,-2.88,1.89
78300,-58.42,-452.40,15.00,-4.75,-2.85,1.90
78500,-58.35,-451.77,15.06,-4.60,-2.70,1.90
78700,-58.19,-450.23,15.31,-4.20,-2.23,1.98
78900,-58.08,-449.28,15.35,-4.01,-2.06,1.95
79100,-57.98,-448.59,15.26,-3.91,-2.04,1.87
79300,-57.97,-448.47,15.30,-3.87,-1.99,1.88
79500,-57.92,-448.00,15.33,-3.77,-1.90,1.87
79700,-57.85,-447.56,15.20,-3.73,-1.95,1.78
79900,-57.67,-446.26,15.13,-3.51,-1.82,1.69
80100,-57.50,-445.11,14.93,-3.36,-1.83,1.53
80300,-57.35,-443.72,15.04,-3.05,-1.51,1.54
80500,-57.28,-443.06,15.15,-2.88,-1.31,1.57
80700,-57.12,-441.65,15.32,-2.54,-0.94,1.60
80900,-56.92,-440.22,15.16,-2.32,-0.87,1.46
81100,-56.91,-439.98,15.32,-2.22,-0.68,1.54
81300,-56.93,-440.29,15.14,-2.35,-0.90,1.45
81500,-56.93,-440.34,15.06,-2.39,-0.98,1.41
81700,-56.99,-440.91,15.00,-2.52,-1.13,1.39
81900,-57.08,-441.59,15.08,-2.62,-1.16,1.47
82100,-56.91,-440.31,14.95,-2.43,-1.08,1.35
82300,-56.87,-440.15,14.81,-2.45,-1.18,1.27
82500,-56.83,-440.22,14.42,-2.61,-1.55,1.06
82700,-56.79,-440.33,13.97,-2.81,-1.99,0.82
82900,-56.76,-440.04,14.00,-2.74,-1.91,0.83
83100,-56.64,-438.85,14.25,-2.41,-1.47,0.94
83300,-56.53,-437.74,14.53,-2.08,-1.02,1.06
83500,-56.43,-436.70,14.78,-1.78,-0.62,1.16
83700,-56.28,-435.48,14.74,-1.56,-0.46,1.10
83900,-56.10,-434.17,14.61,-1.35,-0.37,0.99
84100,-56.22,-435.26,14.47,-1.61,-0.65,0.96
84300,-56.12,-434.68,14.28,-1.57,-0.73,0.84
84500,-56.02,-433.90,14.23,-1.44,-0.65,0.79
84700,-56.05,-434.10,14.27,-1.47,-0.63,0.83
84900,-56.19,-435.18,14.30,-1.66,-0.75,0.90
85100,-56.17,-435.08,14.28,-1.65,-0.75,0.90
85300,-56.17,-435.22,14.10,-1.74,-0.93,0.81
85500,-56.22,-435.88,13.91,-1.94,-1.21,0.74
85700,-56.27,-436.20,13.94,-2.00,-1.23,0.77
85900,-56.30,-436.48,13.89,-2.07,-1.31,0.76
86100,-56.43,-437.57,13.88,-2.28,-1.48,0.80
86300,-56.65,-439.11,14.05,-2.52,-1.56,0.95
86500,-56.90,-440.96,14.22,-2.81,-1.70,1.11
86700,-57.18,-443.14,14.30,-3.20,-1.96,1.25
86900,-57.18,-442.90,14.57,-3.05,-1.66,1.39
87100,-57.33,-444.13,14.48,-3.32,-1.93,1.39
87300,-57.46,-445.26,14.43,-3.56,-2.16,1.40
87500,-57.48,-445.20,14.68,-3.45,-1.92,1.53
87700,-57.33,-444.17,14.48,-3.33,-1.95,1.38
87900,-57.39,-445.02,14.11,-3.64,-2.43,1.21
88100,-57.39,-445.06,14.09,-3.66,-2.46,1.20
88300,-57.43,-445.19,14.22,-3.63,-2.36,1.27
88500,-57.47,-445.88,13.91,-3.89,-2.77,1.12
88700,-57.60,-446.79,14.01,-4.03,-2.83,1.20
88900,-57.66,-447.31,13.96,-4.15,-2.96,1.19
89100,-57.73,-447.64,14.16,-4.14,-2.83,1.31
89300,-57.84,-448.51,14.20,-4.29,-2.93,1.36
89500,-58.15,-450.86,14.31,-4.71,-3.20,1.50
89700,-58.34,-451.91,14.78,-4.73,-2.94,1.79
89900,-58.53,-452.98,15.24,-4.76,-2.68,2.08
90100,-58.71,-454.77,14.91,-5.24,-3.28,1.96
90300,-58.67,-454.61,14.73,-5.28,-3.43,1.85
90500,-58.41,-452.54,14.74,-4.87,-3.10,1.78
90700,-58.34,-452.22,14.48,-4.91,-3.30,1.61
90900,-58.33,-452.42,14.22,-5.05,-3.58,1.48
91100,-58.27,-451.75,14.39,-4.86,-3.32,1.54
91300,-58.33,-452.04,14.57,-4.85,-3.20,1.64
91500,-58.50,-453.22,14.82,-4.98,-3.16,1.82
91700,-58.60,-453.68,15.09,-4.97,-2.99,1.98
91900,-58.36,-451.72,15.15,-4.56,-2.63,1.93
92100,-58.12,-449.77,15.17,-4.17,-2.31,1.86
92300,-58.10,-449.68,15.14,-4.17,-2.34,1.83
92500,-58.02,-449.21,14.98,-4.14,-2.43,1.72
92700,-57.99,-449.00,14.93,-4.12,-2.45,1.67
92900,-58.18,-450.29,15.13,-4.30,-2.48,1.82
93100,-58.17,-450.14,15.19,-4.25,-2.41,1.84
93300,-57.99,-448.79,15.11,-4.02,-2.27,1.74
93500,-57.82,-447.53,15.06,-3.79,-2.14,1.66
93700,-57.66,-446.25,15.01,-3.56,-1.99,1.57
93900,-57.36,-443.91,14.97,-3.12,-1.66,1.46
94100,-57.51,-444.84,15.22,-3.21,-1.58,1.63
94300,-57.66,-445.93,15.38,-3.36,-1.60,1.76
94500,-57.72,-446.31,15.42,-3.42,-1.63,1.79
94700,-57.76,-446.78,15.31,-3.55,-1.80,1.75
94900,-57.99,-448.92,14.98,-4.10,-2.46,1.64
95100,-57.99,-449.43,14.46,-4.40,-3.03,1.38
95300,-57.97,-449.44,14.30,-4.47,-3.18,1.29
95500,-57.97,-449.36,14.38,-4.42,-3.10,1.32
95700,-57.98,-449.18,14.64,-4.28,-2.82,1.46
95900,-57.85,-447.92,14.88,-3.94,-2.40,1.55
96100,-57.74,-446.71,15.22,-3.58,-1.89,1.69
96300,-57.68,-446.19,15.24,-3.47,-1.78,1.68
96500,-57.72,-446.29,15.47,-3.39,-1.58,1.81
96700,-57.57,-445.34,15.19,-3.32,-1.69,1.62
96900,-57.53,-444.84,15.43,-3.13,-1.39,1.73
97100,-57.52,-444.86,15.28,-3.19,-1.54,1.65
97300,-57.28,-442.80,15.47,-2.71,-1.03,1.69
97500,-57.21,-442.41,15.24,-2.73,-1.18,1.54
97700,-57.16,-441.86,15.39,-2.56,-0.95,1.61
97900,-57.22,-442.55,15.18,-2.78,-1.25,1.52
98100,-57.27,-442.76,15.39,-2.74,-1.09,1.65
98300,-57.35,-443.37,15.40,-2.85,-1.16,1.68
98500,-57.24,-442.56,15.39,-2.70,-1.05,1.65
98700,-57.38,-443.79,15.29,-2.97,-1.33,1.64
98900,-57.42,-444.06,15.27,-3.03,-1.39,1.65
99100,-57.33,-443.43,15.18,-2.95,-1.37,1.57
99300,-57.32,-443.38,15.21,-2.92,-1.34,1.59
99500,-57.37,-443.50,15.47,-2.84,-1.10,1.74
99700,-57.22,-442.29,15.46,-2.61,-0.92,1.69
99900,-56.93,-440.12,15.36,-2.23,-0.68,1.55
100100,-56.76,-438.81,15.27,-2.01,-0.55,1.46
100300,-56.74,-438.78,15.14,-2.05,-0.67,1.39
100500,-56.56,-437.75,14.69,-2.02,-0.91,1.11
100700,-56.54,-437.82,14.48,-2.12,-1.12,1.00
100900,-56.69,-438.87,14.62,-2.27,-1.15,1.12
101100,-56.68,-438.64,14.77,-2.17,-0.97,1.20
101300,-56.61,-438.42,14.45,-2.25,-1.23,1.02
101500,-56.67,-439.24,14.10,-2.54,-1.68,0.87
101700,-56.59,-438.34,14.35,-2.27,-1.29,0.98
101900,-56.61,-438.65,14.27,-2.36,-1.41,0.95
102100,-56.75,-439.85,14.13,-2.65,-1.73,0.92
102300,-56.84,-440.38,14.37,-2.66,-1.58,1.08
102500,-56.87,-440.10,14.88,-2.40,-1.05,1.35
102700,-56.94,-440.53,15.01,-2.43,-0.99,1.44
102900,-56.89,-439.82,15.32,-2.17,-0.59,1.59
103100,-56.81,-439.19,15.29,-2.06,-0.51,1.55
103300,-56.68,-437.82,15.59,-1.68,0.00,1.67
103500,-56.63,-437.58,15.48,-1.67,-0.07,1.61
103700,-56.52,-436.89,15.28,-1.61,-0.14,1.48
103900,-56.43,-436.61,14.85,-1.73,-0.49,1.24
104100,-56.65,-438.18,15.01,-1.97,-0.58,1.39
104300,-56.68,-439.20,14.26,-2.46,-1.43,1.03
104500,-56.74,-439.66,14.25,-2.55,-1.51,1.05
104700,-56.98,-441.68,14.17,-2.98,-1.89,1.09
104900,-57.20,-443.11,14.52,-3.11,-1.76,1.35
105100,-57.32,-443.71,14.85,-3.10,-1.54,1.56
105300,-57.67,-445.78,15.62,-3.20,-1.12,2.08
105500,-57.88,-447.24,15.78,-3.42,-1.18,2.24
105700,-57.99,-447.95,15.99,-3.47,-1.07,2.40
105900,-58.09,-448.42,16.27,-3.45,-0.86,2.58
106100,-58.00,-447.60,16.38,-3.24,-0.62,2.63
106300,-57.81,-446.05,16.46,-2.91,-0.28,2.63
106500,-57.69,-445.02,16.52,-2.68,-0.04,2.64
106700,-57.46,-442.79,16.88,-2.10,0.67,2.77
106900,-57.25,-441.35,16.66,-1.91,0.70,2.60
107100,-57.16,-440.97,16.32,-1.96,0.45,2.42
107300,-57.25,-441.80,16.21,-2.17,0.23,2.39
107500,-57.22,-441.44,16.31,-2.05,0.39,2.44
107700,-57.38,-442.89,16.13,-2.41,-0.01,2.40
107900,-57.55,-444.28,16.13,-2.68,-0.22,2.46
108100,-57.60,-444.68,16.16,-2.74,-0.25,2.49
108300,-57.30,-442.27,16.16,-2.27,0.13,2.40
108500,-57.22,-441.64,16.16,-2.15,0.22,2.37
108700,-57.16,-441.13,16.14,-2.06,0.28,2.34
108900,-57.09,-440.62,16.13,-1.97,0.34,2.31
109100,-57.16,-440.92,16.35,-1.94,0.50,2.44
109300,-57.37,-442.74,16.25,-2.33,0.11,2.45
109500,-57.46,-443.70,15.95,-2.64,-0.33,2.31
109700,-57.52,-444.56,15.60,-2.95,-0.81,2.14
109900,-57.74,-446.47,15.47,-3.37,-1.24,2.13
110100,-57.99,-448.56,15.33,-3.83,-1.72,2.12
110300,-58.08,-449.18,15.42,-3.92,-1.75,2.18
110500,-58.31,-450.66,15.80,-4.06,-1.64,2.43
110700,-58.57,-452.23,16.31,-4.17,-1.43,2.75
110900,-58.67,-453.14,16.25,-4.38,-1.64,2.73
111100,-58.70,-453.49,16.10,-4.50,-1.86,2.65
111300,-59.01,-455.78,16.29,-4.88,-2.06,2.82
111500,-59.19,-457.19,16.33,-5.15,-2.28,2.87
111700,-59.25,-457.82,16.21,-5.32,-2.51,2.81
111900,-59.37,-458.26,16.71,-5.21,-2.14,3.08
112100,-59.48,-458.63,17.21,-5.10,-1.76,3.34
112300,-59.35,-457.67,17.16,-4.93,-1.68,3.25
112500,-59.28,-456.91,17.30,-4.74,-1.46,3.27
112700,-59.26,-456.35,17.71,-4.47,-1.02,3.45
112900,-59.11,-455.18,17.69,-4.26,-0.89,3.37
113100,-58.92,-453.82,17.52,-4.07,-0.87,3.20
113300,-58.79,-453.49,16.86,-4.26,-1.46,2.80
113500,-58.71,-453.22,16.43,-4.38,-1.86,2.53
113700,-58.70,-453.09,16.49,-4.34,-1.81,2.53
113900,-58.70,-452.96,16.64,-4.26,-1.68,2.58
114100,-58.71,-452.84,16.84,-4.17,-1.50,2.66
114300,-58.64,-451.41,17.73,-3.54,-0.47,3.08
114500,-58.58,-450.38,18.23,-3.15,0.14,3.29
114700,-58.55,-450.50,17.89,-3.31,-0.22,3.08
114900,-58.53,-450.65,17.60,-3.46,-0.55,2.90
115100,-58.51,-450.79,17.33,-3.60,-0.86,2.74
115300,-58.69,-452.48,17.02,-4.05,-1.45,2.61
115500,-58.79,-453.52,16.83,-4.33,-1.81,2.52
115700,-58.70,-452.60,16.99,-4.10,-1.54,2.55
115900,-58.66,-452.09,17.15,-3.94,-1.33,2.60
116100,-58.63,-451.76,17.32,-3.81,-1.15,2.66
116300,-58.53,-450.92,17.32,-3.65,-1.03,2.62
116500,-58.41,-450.05,17.25,-3.51,-0.98,2.53
116700,-58.24,-449.07,16.88,-3.46,-1.18,2.28
116900,-58.12,-448.17,16.79,-3.32,-1.13,2.19
117100,-58.03,-447.41,16.85,-3.15,-0.96,2.19
117300,-58.03,-447.50,16.76,-3.20,-1.06,2.14
117500,-58.04,-447.52,16.77,-3.21,-1.07,2.14
117700,-58.13,-448.07,16.94,-3.25,-1.00,2.25
117900,-58.15,-448.59,16.60,-3.48,-1.40,2.08
118100,-58.10,-448.41,16.38,-3.54,-1.59,1.95
118300,-57.98,-447.19,16.67,-3.18,-1.12,2.06
118500,-57.76,-445.70,16.38,-3.01,-1.16,1.84
118700,-57.59,-444.49,16.23,-2.83,-1.12,1.71
118900,-57.41,-442.99,16.32,-2.50,-0.80,1.70
119100,-57.16,-441.62,15.69,-2.48,-1.18,1.30
119300,-57.01,-440.50,15.62,-2.29,-1.07,1.21
119500,-57.01,-439.83,16.28,-1.90,-0.35,1.55
119700,-56.97,-439.03,16.72,-1.57,0.19,1.76
119900,-56.89,-438.43,16.72,-1.45,0.29,1.74
120100,-56.91,-437.88,17.37,-1.09,0.99,2.08
120300,-56.81,-437.11,17.39,-0.93,1.13,2.06
120500,-56.62,-435.72,17.22,-0.72,1.19,1.92
120700,-56.42,-434.32,17.05,-0.52,1.25,1.77
120900,-56.22,-432.56,17.22,-0.11,1.69,1.80
121100,-56.09,-431.57,17.14,0.06,1.78,1.72
121300,-56.12,-432.03,16.92,-0.12,1.49,1.61
121500,-56.15,-432.47,16.75,-0.27,1.27,1.54
121700,-55.96,-431.26,16.39,-0.17,1.12,1.29
121900,-55.81,-430.39,16.12,-0.11,1.00,1.11
122100,-55.64,-429.25,15.89,0.02,0.97,0.95
122300,-55.32,-426.96,15.58,0.35,1.04,0.69
122500,-55.10,-425.68,15.09,0.41,0.78,0.37
122700,-55.18,-426.34,15.13,0.29,0.71,0.42
122900,-55.25,-426.81,15.17,0.22,0.68,0.46
123100,-55.23,-426.63,15.24,0.28,0.77,0.49
123300,-55.23,-426.26,15.59,0.49,1.16,0.67
123500,-55.22,-425.56,16.22,0.87,1.87,0.99
123700,-55.08,-424.58,16.04,1.00,1.85,0.86
123900,-54.86,-422.97,15.93,1.27,2.01,0.74
124100,-54.66,-422.09,15.20,1.15,1.45,0.30
124300,-54.47,-420.97,14.80,1.22,1.26,0.04
124500,-54.25,-419.77,14.19,1.21,0.87,-0.34
124700,-54.18,-419.32,14.12,1.28,0.88,-0.39
124900,-54.10,-419.12,13.72,1.16,0.55,-0.61
125100,-54.03,-418.38,13.86,1.36,0.81,-0.55
125300,-54.00,-418.29,13.69,1.31,0.67,-0.64
125500,-53.87,-417.40,13.55,1.44,0.70,-0.73
125700,-53.72,-416.26,13.53,1.65,0.88,-0.77
125900,-53.83,-417.04,13.62,1.54,0.87,-0.67
126100,-53.89,-417.37,13.75,1.53,0.97,-0.56
126300,-53.74,-416.02,13.94,1.87,1.40,-0.47
126500,-53.87,-416.79,14.21,1.83,1.56,-0.27
126700,-53.86,-416.81,14.05,1.77,1.45,-0.32
126900,-53.66,-415.07,14.20,2.17,1.89,-0.28
127100,-53.65,-414.97,14.26,2.21,1.99,-0.22
127300,-53.71,-415.82,13.90,1.91,1.55,-0.36
127500,-53.61,-415.34,13.53,1.86,1.31,-0.56
127700,-53.63,-415.33,13.67,1.92,1.47,-0.45
127900,-53.52,-415.01,13.13,1.78,1.04,-0.74
128100,-53.46,-414.59,13.08,1.84,1.10,-0.75
128300,-53.55,-415.12,13.26,1.81,1.21,-0.60
128500,-53.58,-415.35,13.32,1.80,1.27,-0.53
128700,-53.60,-415.94,12.87,1.51,0.79,-0.72
128900,-53.72,-416.71,13.07,1.44,0.89,-0.56
129100,-53.52,-415.17,12.97,1.71,1.06,-0.64
129300,-53.20,-412.68,12.92,2.18,1.44,-0.73
129500,-52.95,-410.82,12.75,2.47,1.60,-0.88
129700,-52.58,-407.79,12.84,3.10,2.19,-0.91
129900,-52.22,-404.86,12.86,3.68,2.70,-0.99
130100,-52.01,-403.55,12.53,3.81,2.62,-1.19
130300,-51.82,-402.43,12.15,3.88,2.46,-1.42
130500,-51.71,-401.63,12.04,4.00,2.52,-1.48
130700,-51.61,-401.10,11.75,3.99,2.35,-1.64
130900,-51.59,-401.33,11.38,3.81,2.01,-1.79
131100,-51.50,-400.50,11.48,4.01,2.27,-1.73
131300,-51.57,-400.99,11.61,3.97,2.37,-1.60
131500,-51.57,-401.07,11.48,3.91,2.29,-1.62
131700,-51.60,-401.08,11.69,3.99,2.55,-1.44
131900,-51.73,-401.67,12.17,4.07,2.98,-1.09
132100,-52.07,-404.28,12.26,3.61,2.74,-0.88
132300,-52.39,-406.98,12.17,3.06,2.30,-0.76
132500,-52.73,-409.85,11.99,2.44,1.76,-0.69
132700,-53.23,-413.91,11.90,1.63,1.12,-0.51
132900,-53.65,-417.76,11.44,0.72,0.16,-0.56
133100,-54.05,-421.07,11.33,0.04,-0.39,-0.44
133300,-54.30,-423.19,11.24,-0.39,-0.75,-0.36
133500,-54.54,-425.05,11.31,-0.72,-0.92,-0.20
133700,-54.77,-427.01,11.17,-1.14,-1.30,-0.16
133900,-54.94,-428.44,11.07,-1.45,-1.57,-0.12
134100,-55.14,-430.23,10.93,-1.84,-1.94,-0.09
134300,-55.48,-432.79,11.07,-2.27,-2.16,0.12
134500,-55.84,-435.66,11.07,-2.82,-2.57,0.26
134700,-56.12,-438.02,10.95,-3.32,-3.00,0.32
134900,-56.37,-439.77,11.16,-3.57,-3.05,0.52
135100,-56.56,-441.09,11.38,-3.73,-3.02,0.71
135300,-56.84,-443.56,11.17,-4.28,-3.57,0.72
135500,-57.30,-446.73,11.64,-4.70,-3.59,1.12
135700,-57.66,-448.95,12.29,-4.87,-3.30,1.58
135900,-57.91,-451.06,12.24,-5.29,-3.65,1.65
136100,-58.29,-453.62,12.67,-5.62,-3.62,1.99
136300,-58.39,-454.40,12.75,-5.73,-3.66,2.07
136500,-58.50,-455.21,12.76,-5.89,-3.77,2.11
136700,-58.55,-456.05,12.33,-6.22,-4.31,1.91
136900,-58.74,-457.38,12.54,-6.38,-4.30,2.09
137100,-58.61,-456.98,11.92,-6.55,-4.82,1.73
137300,-58.69,-457.09,12.40,-6.39,-4.39,2.00
137500,-58.42,-455.41,11.98,-6.23,-4.52,1.70
137700,-58.56,-456.19,12.30,-6.25,-4.34,1.91
137900,-58.64,-456.86,12.30,-6.38,-4.43,1.95
138100,-58.82,-457.60,12.94,-6.27,-3.93,2.33
138300,-58.96,-458.83,12.87,-6.53,-4.19,2.34
138500,-59.24,-460.75,13.20,-6.77,-4.16,2.61
138700,-59.12,-460.23,12.72,-6.86,-4.53,2.32
138900,-59.15,-460.74,12.43,-7.07,-4.89,2.18
139100,-59.23,-461.86,11.98,-7.46,-5.48,1.98
139300,-59.18,-461.64,11.83,-7.48,-5.59,1.88
139500,-59.17,-461.44,11.89,-7.42,-5.52,1.90
139700,-59.35,-462.41,12.41,-7.40,-5.18,2.22
139900,-59.47,-462.89,12.85,-7.32,-4.84,2.48
140100,-59.54,-463.33,13.00,-7.35,-4.78,2.57
140300,-59.62,-463.98,13.01,-7.47,-4.87,2.60
140500,-59.72,-464.69,13.11,-7.57,-4.89,2.68
140700,-59.76,-464.82,13.27,-7.53,-4.77,2.77
140900,-59.63,-463.97,13.09,-7.44,-4.81,2.63
141100,-59.59,-463.39,13.37,-7.22,-4.47,2.75
141300,-59.55,-463.18,13.19,-7.25,-4.62,2.63
141500,-59.42,-462.25,13.07,-7.12,-4.60,2.52
141700,-59.26,-461.37,12.72,-7.09,-4.81,2.28
141900,-59.28,-461.48,12.73,-7.11,-4.83,2.28
142100,-59.22,-461.40,12.33,-7.26,-5.21,2.05
142300,-59.15,-460.78,12.41,-7.11,-5.06,2.05
142500,-59.15,-460.86,12.37,-7.14,-5.11,2.03
142700,-59.21,-461.27,12.39,-7.21,-5.17,2.05
142900,-59.26,-461.79,12.27,-7.36,-5.37,1.99
143100,-59.08,-460.32,12.34,-7.06,-5.09,1.97
143300,-59.23,-461.00,12.81,-7.00,-4.75,2.25
143500,-59.35,-461.72,13.07,-7.04,-4.62,2.42
143700,-59.28,-460.98,13.24,-6.83,-4.35,2.48
143900,-59.16,-459.83,13.46,-6.53,-3.98,2.54
144100,-59.29,-460.52,13.78,-6.54,-3.79,2.75
144300,-59.18,-459.93,13.48,-6.54,-3.99,2.55
144500,-59.03,-459.04,13.21,-6.48,-4.11,2.36
144700,-59.07,-459.32,13.25,-6.52,-4.12,2.39
144900,-59.18,-459.99,13.41,-6.59,-4.09,2.50
145100,-59.24,-460.68,13.27,-6.77,-4.33,2.44
145300,-59.15,-459.70,13.47,-6.51,-4.00,2.50
145500,-59.11,-459.45,13.45,-6.47,-4.00,2.47
145700,-59.06,-459.17,13.33,-6.47,-4.08,2.38
145900,-59.04,-459.07,13.23,-6.49,-4.17,2.31
146100,-58.97,-458.65,13.12,-6.45,-4.22,2.23
146300,-59.10,-459.82,12.99,-6.73,-4.53,2.20
146500,-59.26,-460.54,13.50,-6.67,-4.16,2.51
146700,-59.24,-460.04,13.89,-6.42,-3.72,2.70
146900,-59.10,-458.74,14.03,-6.12,-3.40,2.72
147100,-59.01,-458.04,14.05,-5.98,-3.27,2.70
147300,-58.87,-456.82,14.15,-5.70,-3.00,2.70
147500,-58.68,-455.60,13.86,-5.58,-3.09,2.49
147700,-58.61,-455.47,13.43,-5.73,-3.48,2.25
147900,-58.55,-455.13,13.30,-5.71,-3.55,2.16
148100,-58.63,-455.59,13.49,-5.73,-3.45,2.27
148300,-58.74,-456.41,13.52,-5.87,-3.55,2.32
148500,-58.73,-456.42,13.44,-5.91,-3.64,2.27
148700,-58.74,-456.16,13.74,-5.74,-3.32,2.42
148900,-58.71,-455.78,13.89,-5.61,-3.14,2.48
149100,-58.51,-454.54,13.50,-5.53,-3.32,2.21
149300,-58.39,-453.91,13.20,-5.53,-3.51,2.01
149500,-58.25,-453.15,12.83,-5.52,-3.74,1.78
149700,-58.17,-452.88,12.52,-5.59,-4.00,1.60
149900,-58.18,-452.95,12.50,-5.61,-4.02,1.59
150100,-58.31,-453.67,12.77,-5.65,-3.87,1.77
150300,-58.37,-454.08,12.89,-5.68,-3.82,1.86
150500,-58.50,-454.62,13.35,-5.60,-3.46,2.14
150700,-58.58,-455.27,13.37,-5.72,-3.54,2.17
150900,-58.64,-455.96,13.17,-5.93,-3.84,2.09
151100,-58.62,-455.96,13.02,-5.99,-3.98,2.01
151300,-58.56,-455.63,12.86,-5.99,-4.08,1.91
151500,-58.56,-455.94,12.58,-6.16,-4.39,1.76
151700,-58.56,-456.01,12.49,-6.21,-4.49,1.71
151900,-58.67,-457.29,12.08,-6.61,-5.07,1.54
152100,-58.76,-458.03,12.02,-6.78,-5.24,1.54
152300,-58.82,-458.34,12.25,-6.75,-5.07,1.68
152500,-58.94,-458.91,12.61,-6.72,-4.83,1.89
152700,-59.09,-459.82,12.89,-6.78,-4.70,2.08
152900,-59.14,-459.72,13.40,-6.56,-4.20,2.36
153100,-59.20,-460.39,13.21,-6.76,-4.48,2.29
153300,-59.24,-461.03,12.91,-7.01,-4.86,2.15
153500,-59.24,-461.36,12.55,-7.21,-5.23,1.97
153700,-59.23,-461.62,12.26,-7.37,-5.54,1.83
153900,-59.25,-461.87,12.15,-7.46,-5.67,1.79
154100,-59.31,-462.04,12.48,-7.36,-5.38,1.98
154300,-59.42,-462.84,12.52,-7.50,-5.45,2.04
154500,-59.57,-463.87,12.66,-7.64,-5.47,2.17
154700,-59.72,-464.63,13.12,-7.60,-5.15,2.46
154900,-59.79,-464.94,13.38,-7.56,-4.95,2.61
155100,-59.81,-464.99,13.51,-7.52,-4.83,2.69
155300,-59.75,-464.40,13.62,-7.36,-4.64,2.72
155500,-59.74,-464.28,13.63,-7.34,-4.61,2.73
155700,-59.80,-464.89,13.48,-7.51,-4.85,2.67
155900,-59.72,-464.64,13.11,-7.61,-5.16,2.45
156100,-59.66,-464.45,12.79,-7.70,-5.42,2.27
156300,-59.65,-464.48,12.69,-7.74,-5.53,2.22
156500,-59.59,-464.14,12.58,-7.72,-5.57,2.15
156700,-59.47,-463.27,12.51,-7.58,-5.50,2.08
156900,-59.54,-463.70,12.64,-7.61,-5.44,2.17
157100,-59.61,-464.12,12.73,-7.65,-5.41,2.24
157300,-59.55,-463.42,12.99,-7.42,-5.07,2.35
157500,-59.56,-463.23,13.23,-7.29,-4.81,2.48
157700,-59.61,-463.45,13.40,-7.26,-4.69,2.57
157900,-59.48,-462.56,13.26,-7.15,-4.70,2.45
158100,-59.37,-461.82,13.12,-7.06,-4.73,2.34
158300,-59.51,-463.11,12.98,-7.37,-5.06,2.31
158500,-59.52,-463.43,12.76,-7.52,-5.33,2.19
158700,-59.41,-462.86,12.45,-7.53,-5.54,1.99
158900,-59.20,-460.56,13.07,-6.85,-4.61,2.23
159100,-58.96,-458.33,13.33,-6.32,-4.04,2.28
159300,-58.57,-455.54,13.05,-5.89,-3.88,2.01
159500,-58.38,-453.95,13.07,-5.58,-3.63,1.95
159700,-58.20,-452.47,13.15,-5.27,-3.34,1.93
159900,-58.32,-453.74,12.83,-5.64,-3.84,1.80
160100,-58.66,-456.08,13.22,-5.94,-3.83,2.10
160300,-58.82,-457.05,13.53,-6.00,-3.70,2.30
160500,-58.77,-456.78,13.38,-6.01,-3.81,2.20
160700,-58.83,-457.33,13.35,-6.13,-3.93,2.20
160900,-58.93,-457.86,13.54,-6.16,-3.84,2.32
161100,-58.83,-457.21,13.45,-6.07,-3.82,2.25
161300,-58.88,-457.68,13.35,-6.20,-3.99,2.20
161500,-59.09,-459.09,13.65,-6.36,-3.94,2.42
161700,-59.27,-460.21,13.91,-6.47,-3.87,2.60
161900,-59.27,-460.40,13.75,-6.57,-4.06,2.51
162100,-59.15,-459.76,13.43,-6.57,-4.27,2.31
162300,-59.03,-458.67,13.60,-6.30,-3.95,2.35
162500,-58.78,-456.53,13.70,-5.85,-3.54,2.32
162700,-58.39,-453.75,13.39,-5.44,-3.41,2.03
162900,-58.12,-451.94,13.01,-5.24,-3.50,1.74
163100,-58.12,-452.14,12.79,-5.37,-3.75,1.61
163300,-58.15,-452.45,12.73,-5.45,-3.86,1.59
163500,-58.22,-453.17,12.57,-5.66,-4.14,1.51
163700,-58.35,-454.09,12.68,-5.80,-4.20,1.60
163900,-58.33,-453.97,12.70,-5.76,-4.17,1.59
164100,-58.25,-453.53,12.48,-5.77,-4.33,1.44
164300,-58.31,-454.37,12.07,-6.09,-4.86,1.23
164500,-58.39,-455.22,11.90,-6.33,-5.18,1.15
164700,-58.54,-456.40,11.95,-6.54,-5.33,1.21
164900,-58.87,-458.64,12.32,-6.83,-5.34,1.49
165100,-59.15,-460.25,12.97,-6.89,-4.99,1.90
165300,-59.24,-460.63,13.32,-6.83,-4.73,2.10
165500,-59.35,-461.35,13.43,-6.93,-4.76,2.17
165700,-59.45,-462.25,13.34,-7.14,-4.99,2.15
165900,-59.41,-462.13,13.14,-7.20,-5.18,2.01
166100,-59.29,-461.46,12.84,-7.19,-5.38,1.81
166300,-59.16,-460.40,12.85,-6.98,-5.22,1.76
166500,-58.98,-458.97,12.85,-6.71,-5.02,1.69
166700,-58.81,-457.62,12.89,-6.44,-4.79,1.64
166900,-58.76,-457.06,13.00,-6.29,-4.62,1.67
167100,-58.71,-456.55,13.15,-6.13,-4.42,1.72
167300,-58.70,-456.33,13.26,-6.05,-4.29,1.76
167500,-58.61,-455.57,13.33,-5.88,-4.11,1.77
167700,-58.44,-454.27,13.27,-5.65,-3.98,1.67
167900,-58.26,-453.04,13.04,-5.50,-4.00,1.50
168100,-58.14,-452.16,12.95,-5.37,-3.96,1.41
168300,-58.10,-451.77,13.05,-5.25,-3.80,1.45
168500,-58.01,-451.08,12.96,-5.16,-3.78,1.37
168700,-57.94,-450.69,12.84,-5.13,-3.84,1.29
168900,-57.95,-450.84,12.80,-5.17,-3.90,1.27
169100,-58.02,-451.41,12.73,-5.31,-4.05,1.26
169300,-58.08,-452.12,12.55,-5.52,-4.33,1.19
169500,-58.18,-452.80,12.61,-5.63,-4.38,1.24
169700,-58.22,-453.05,12.75,-5.62,-4.30,1.32
169900,-58.19,-452.66,12.83,-5.52,-4.17,1.35
170100,-58.00,-451.49,12.49,-5.43,-4.31,1.11
170300,-57.77,-450.05,12.08,-5.31,-4.48,0.83
170500,-57.72,-450.01,11.75,-5.43,-4.79,0.64
170700,-57.73,-450.37,11.47,-5.61,-5.12,0.49
170900,-57.92,-451.82,11.51,-5.88,-5.31,0.57
171100,-58.16,-453.43,11.87,-6.04,-5.22,0.83
171300,-58.34,-454.30,12.43,-6.00,-4.83,1.17
171500,-58.46,-454.79,12.89,-5.91,-4.48,1.43
171700,-58.56,-455.26,13.22,-5.87,-4.25,1.63
171900,-58.48,-454.50,13.33,-5.68,-4.03,1.65
172100,-58.29,-453.03,13.31,-5.41,-3.83,1.58
172300,-58.19,-452.44,13.08,-5.39,-3.97,1.42
172500,-58.11,-452.02,12.84,-5.40,-4.14,1.26
172700,-57.96,-451.29,12.39,-5.44,-4.46,0.98
172900,-57.79,-450.29,11.99,-5.40,-4.68,0.72
173100,-57.66,-449.52,11.76,-5.34,-4.79,0.56
173300,-57.54,-448.83,11.49,-5.32,-4.94,0.38
173500,-57.40,-447.99,11.22,-5.26,-5.06,0.20
173700,-57.46,-448.13,11.58,-5.15,-4.75,0.40
173900,-57.60,-448.87,11.95,-5.14,-4.51,0.64
174100,-57.81,-450.24,12.27,-5.28,-4.42,0.87
174300,-58.15,-452.51,12.72,-5.55,-4.34,1.20
174500,-58.49,-454.70,13.19,-5.79,-4.23,1.55
174700,-58.67,-456.17,13.22,-6.06,-4.42,1.64
174900,-58.86,-457.81,13.09,-6.42,-4.79,1.63
175100,-58.90,-458.14,13.03,-6.51,-4.88,1.62
175300,-58.73,-456.92,12.93,-6.31,-4.78,1.53
175500,-58.65,-456.39,12.82,-6.25,-4.79,1.46
175700,-58.58,-455.88,12.80,-6.16,-4.72,1.43
175900,-58.42,-454.65,12.73,-5.94,-4.58,1.36
176100,-58.43,-454.80,12.68,-5.99,-4.64,1.35
176300,-58.53,-455.54,12.73,-6.11,-4.69,1.42
176500,-58.55,-455.59,12.80,-6.09,-4.63,1.47
176700,-58.55,-455.30,13.09,-5.92,-4.29,1.63
176900,-58.63,-455.47,13.55,-5.77,-3.87,1.89
177100,-58.64,-455.21,13.89,-5.58,-3.51,2.08
177300,-58.60,-454.72,14.11,-5.40,-3.22,2.19
177500,-58.51,-453.60,14.48,-5.04,-2.69,2.35
177700,-58.40,-452.60,14.63,-4.78,-2.38,2.40
177900,-58.25,-451.40,14.64,-4.55,-2.19,2.36
178100,-58.13,-450.44,14.62,-4.37,-2.05,2.32
178300,-58.18,-450.80,14.67,-4.42,-2.06,2.37
178500,-58.32,-451.98,14.55,-4.69,-2.34,2.36
178700,-58.19,-451.36,14.19,-4.71,-2.57,2.14
178900,-58.12,-450.94,13.99,-4.71,-2.68,2.02
179100,-58.12,-451.14,13.84,-4.80,-2.85,1.96
179300,-57.99,-450.26,13.63,-4.71,-2.90,1.82
179500,-57.79,-449.00,13.28,-4.61,-3.03,1.58
179700,-57.83,-449.47,13.17,-4.74,-3.20,1.54
179900,-57.83,-449.41,13.22,-4.71,-3.13,1.58
180100,-57.75,-448.78,13.25,-4.57,-3.00,1.57
180300,-57.95,-449.94,13.68,-4.63,-2.78,1.85
180500,-58.35,-452.38,14.46,-4.79,-2.41,2.38
180700,-58.76,-454.94,15.11,-5.03,-2.19,2.84
180900,-59.18,-458.11,15.36,-5.54,-2.43,3.11
181100,-59.58,-461.07,15.61,-6.02,-2.65,3.37
181300,-59.57,-461.15,15.38,-6.12,-2.87,3.25
181500,-59.39,-460.16,14.93,-6.10,-3.13,2.97
181700,-59.29,-459.70,14.58,-6.15,-3.38,2.77
181900,-59.28,-459.86,14.40,-6.25,-3.56,2.69
182100,-59.29,-460.09,14.20,-6.37,-3.78,2.59
182300,-59.26,-460.36,13.76,-6.59,-4.22,2.37
182500,-59.24,-460.62,13.32,-6.81,-4.66,2.15
182700,-59.22,-460.59,13.14,-6.88,-4.82,2.06
182900,-59.11,-459.87,13.00,-6.79,-4.82,1.97
183100,-59.07,-459.54,13.02,-6.72,-4.75,1.97
183300,-59.33,-460.91,13.70,-6.71,-4.31,2.40
183500,-59.58,-462.28,14.38,-6.71,-3.89,2.83
183700,-59.71,-462.84,14.83,-6.64,-3.54,3.10
183900,-59.82,-463.28,15.27,-6.55,-3.19,3.36
184100,-59.99,-464.10,15.80,-6.50,-2.81,3.69
184300,-60.09,-464.56,16.13,-6.47,-2.58,3.89
184500,-60.18,-465.02,16.45,-6.43,-2.34,4.08
184700,-60.09,-464.10,16.62,-6.18,-2.04,4.14
184900,-59.94,-462.76,16.75,-5.88,-1.72,4.16
185100,-59.71,-461.11,16.59,-5.62,-1.62,4.00
185300,-59.47,-459.63,16.14,-5.51,-1.83,3.69
185500,-59.23,-458.16,15.68,-5.41,-2.05,3.36
185700,-59.25,-458.67,15.30,-5.66,-2.49,3.17
185900,-59.34,-459.72,14.97,-6.00,-2.98,3.01
186100,-59.39,-460.32,14.81,-6.18,-3.25,2.93
186300,-59.38,-460.13,14.92,-6.11,-3.15,2.96
186500,-59.42,-460.26,15.09,-6.07,-3.04,3.03
186700,-59.56,-461.01,15.46,-6.07,-2.84,3.24
186900,-59.68,-461.58,15.88,-6.03,-2.56,3.46
187100,-59.80,-462.13,16.25,-5.99,-2.33,3.67
187300,-59.84,-462.32,16.37,-5.99,-2.27,3.72
187500,-59.65,-461.08,16.13,-5.85,-2.34,3.51
187700,-59.39,-459.23,15.87,-5.60,-2.34,3.26
187900,-59.18,-457.72,15.70,-5.38,-2.30,3.08
188100,-58.88,-455.58,15.49,-5.05,-2.20,2.85
188300,-58.63,-453.61,15.43,-4.70,-1.99,2.71
188500,-58.61,-453.11,15.78,-4.48,-1.63,2.85
188700,-58.61,-452.75,16.10,-4.29,-1.30,2.98
188900,-58.48,-451.57,16.26,-4.01,-1.02,2.99
189100,-58.36,-450.48,16.40,-3.74,-0.75,2.99
189300,-58.07,-447.99,16.54,-3.22,-0.28,2.93
189500,-57.71,-445.13,16.57,-2.66,0.14,2.80
189700,-57.63,-444.49,16.52,-2.56,0.14,2.70
189900,-57.83,-446.13,16.49,-2.90,-0.19,2.71
190100,-58.12,-448.46,16.47,-3.36,-0.61,2.75
190300,-58.37,-450.61,16.33,-3.84,-1.12,2.72
190500,-58.60,-452.62,16.18,-4.30,-1.62,2.68
190700,-58.74,-453.74,16.16,-4.53,-1.85,2.68
190900,-58.67,-453.25,16.09,-4.47,-1.88,2.59
191100,-58.47,-452.12,15.64,-4.43,-2.16,2.27
191300,-58.51,-452.52,15.53,-4.56,-2.36,2.20
191500,-58.54,-452.76,15.60,-4.59,-2.38,2.21
191700,-58.49,-452.40,15.55,-4.54,-2.40,2.14
191900,-58.57,-452.94,15.59,-4.64,-2.49,2.15
192100,-58.67,-453.63,15.69,-4.74,-2.52,2.21
192300,-58.74,-454.46,15.42,-5.01,-2.93,2.08
192500,-58.81,-455.22,15.30,-5.21,-3.19,2.02
192700,-58.77,-454.97,15.18,-5.21,-3.28,1.93
192900,-58.47,-452.45,15.28,-4.68,-2.81,1.88
193100,-58.24,-450.20,15.70,-4.08,-2.06,2.02
193300,-58.06,-448.29,16.19,-3.52,-1.31,2.21
193500,-57.90,-446.61,16.60,-3.03,-0.66,2.37
193700,-57.75,-444.86,17.15,-2.48,0.12,2.60
193900,-57.74,-444.77,17.14,-2.46,0.12,2.59
194100,-57.75,-445.08,16.93,-2.60,-0.12,2.48
194300,-57.89,-446.30,16.82,-2.88,-0.42,2.47
194500,-58.01,-447.57,16.48,-3.27,-0.94,2.32
194700,-58.08,-448.62,15.99,-3.66,-1.58,2.09
194900,-58.16,-449.41,15.89,-3.86,-1.80,2.05
195100,-58.28,-450.13,16.09,-3.92,-1.73,2.19
195300,-58.23,-449.57,16.30,-3.73,-1.45,2.28
195500,-58.15,-448.74,16.47,-3.50,-1.16,2.34
195700,-57.88,-446.64,16.43,-3.11,-0.87,2.24
195900,-57.64,-444.79,16.36,-2.77,-0.65,2.13
196100,-57.51,-443.77,16.32,-2.59,-0.53,2.06
196300,-57.25,-441.88,16.09,-2.32,-0.46,1.86
196500,-56.93,-439.63,15.78,-2.00,-0.40,1.60
196700,-56.87,-439.31,15.66,-1.98,-0.47,1.52
196900,-56.87,-439.46,15.48,-2.08,-0.67,1.42
197100,-56.58,-437.56,15.07,-1.87,-0.76,1.12
197300,-56.36,-436.06,14.80,-1.69,-0.78,0.90
197500,-56.24,-435.27,14.68,-1.58,-0.77,0.81
197700,-56.15,-433.89,15.30,-1.07,0.02,1.09
197900,-55.96,-431.87,15.81,-0.47,0.83,1.30
198100,-55.94,-431.72,15.84,-0.44,0.87,1.31
198300,-55.90,-431.30,15.92,-0.32,1.02,1.34
198500,-55.92,-431.46,15.89,-0.37,0.95,1.32
198700,-55.92,-432.23,15.12,-0.82,0.10,0.92
198900,-55.72,-431.21,14.52,-0.85,-0.30,0.55
199100,-55.44,-428.99,14.50,-0.43,0.04,0.46
199300,-55.40,-428.69,14.53,-0.36,0.11,0.46
199500,-55.11,-426.46,14.45,0.05,0.38,0.34
199700,-54.71,-423.34,14.34,0.61,0.77,0.16
199900,-54.71,-423.51,14.18,0.52,0.59,0.07
200100,-54.80,-424.35,14.01,0.29,0.30,0.01
200300,-54.79,-424.44,13.90,0.23,0.18,-0.05
200500,-54.91,-425.38,13.90,0.04,0.03,-0.01
200700,-55.12,-426.96,13.97,-0.24,-0.15,0.09
200900,-55.44,-429.37,14.12,-0.65,-0.39,0.26
201100,-55.70,-431.33,14.27,-0.97,-0.55,0.42
201300,-55.80,-431.99,14.41,-1.05,-0.52,0.53
201500,-56.10,-434.26,14.53,-1.44,-0.76,0.68
201700,-56.41,-436.63,14.63,-1.87,-1.04,0.83
201900,-56.42,-436.54,14.83,-1.77,-0.83,0.94
202100,-56.47,-436.67,15.07,-1.70,-0.62,1.08
202300,-56.64,-437.99,15.10,-1.94,-0.79,1.16
202500,-56.66,-438.13,15.13,-1.96,-0.78,1.18
202700,-56.62,-437.86,15.06,-1.94,-0.80,1.14
202900,-56.59,-437.88,14.82,-2.03,-1.02,1.01
203100,-56.76,-439.45,14.66,-2.40,-1.41,0.99
203300,-56.95,-441.00,14.61,-2.72,-1.70,1.02
203500,-57.18,-442.93,14.54,-3.12,-2.07,1.05
203700,-57.46,-445.07,14.64,-3.51,-2.32,1.19
203900,-57.72,-446.96,14.80,-3.81,-2.46,1.35
204100,-57.77,-447.31,14.82,-3.87,-2.50,1.37
204300,-57.76,-447.36,14.68,-3.94,-2.63,1.30
204500,-57.72,-447.10,14.64,-3.90,-2.62,1.27
204700,-57.73,-447.21,14.66,-3.91,-2.62,1.29
204900,-57.82,-447.82,14.71,-4.01,-2.67,1.34
205100,-57.71,-446.95,14.76,-3.82,-2.49,1.34
205300,-57.61,-445.94,14.97,-3.54,-2.13,1.41
205500,-57.57,-445.35,15.24,-3.32,-1.79,1.54
205700,-57.58,-445.18,15.48,-3.20,-1.54,1.66
205900,-57.51,-444.48,15.59,-3.01,-1.32,1.70
206100,-57.53,-444.85,15.42,-3.15,-1.54,1.61
206300,-57.61,-445.62,15.23,-3.38,-1.85,1.53
206500,-57.54,-445.31,15.03,-3.40,-1.99,1.41
206700,-57.31,-443.69,14.78,-3.18,-1.98,1.20
206900,-57.08,-442.13,14.54,-2.97,-1.97,1.01
207100,-56.97,-441.15,14.60,-2.76,-1.76,1.00
207300,-57.00,-441.44,14.57,-2.83,-1.84,0.99
207500,-57.09,-442.26,14.45,-3.04,-2.09,0.95
207700,-56.99,-441.74,14.21,-3.03,-2.23,0.80
207900,-56.89,-441.16,13.97,-3.01,-2.37,0.64
208100,-56.74,-440.04,13.92,-2.81,-2.25,0.56
208300,-56.45,-437.63,14.00,-2.31,-1.80,0.51
208500,-56.29,-436.32,14.03,-2.04,-1.56,0.48
208700,-56.44,-437.47,14.09,-2.24,-1.69,0.55
208900,-56.60,-438.59,14.19,-2.43,-1.78,0.64
209100,-56.78,-439.98,14.27,-2.67,-1.93,0.74
209300,-56.97,-441.40,14.33,-2.92,-2.10,0.82
209500,-56.94,-441.11,14.44,-2.82,-1.95,0.87
209700,-56.80,-439.77,14.60,-2.49,-1.59,0.90
209900,-56.71,-439.07,14.64,-2.35,-1.45,0.89
210100,-56.63,-438.56,14.47,-2.31,-1.53,0.78
210300,-56.54,-437.92,14.37,-2.23,-1.53,0.70
210500,-56.55,-438.07,14.32,-2.28,-1.60,0.67
210700,-56.56,-438.18,14.28,-2.31,-1.65,0.66
210900,-56.45,-437.30,14.33,-2.12,-1.48,0.65
211100,-56.33,-436.28,14.36,-1.91,-1.29,0.63
211300,-56.08,-434.51,14.16,-1.64,-1.19,0.45
211500,-55.86,-432.89,13.96,-1.41,-1.13,0.28
211700,-55.71,-431.88,13.77,-1.28,-1.15,0.14
211900,-55.61,-431.33,13.58,-1.25,-1.24,0.01
212100,-55.64,-431.74,13.35,-1.42,-1.52,-0.10
212300,-55.79,-433.02,13.29,-1.69,-1.78,-0.09
212500,-55.84,-433.63,13.13,-1.87,-2.02,-0.15
212700,-55.81,-433.50,12.98,-1.91,-2.15,-0.24
212900,-55.56,-431.47,13.03,-1.49,-1.78,-0.29
213100,-55.21,-428.55,13.13,-0.89,-1.23,-0.34
213300,-55.05,-427.16,13.25,-0.57,-0.89,-0.33
213500,-55.00,-426.51,13.47,-0.35,-0.58,-0.23
213700,-55.08,-427.04,13.59,-0.41,-0.55,-0.14
213900,-55.40,-429.75,13.46,-0.99,-1.10,-0.11
214100,-55.49,-430.41,13.47,-1.11,-1.19,-0.08
214300,-55.38,-429.54,13.47,-0.94,-1.05,-0.11
214500,-55.17,-427.95,13.38,-0.67,-0.89,-0.22
214700,-54.86,-425.54,13.34,-0.21,-0.55,-0.33
214900,-54.60,-423.36,13.41,0.24,-0.13,-0.37
215100,-54.70,-424.14,13.42,0.09,-0.24,-0.33
215300,-54.78,-424.95,13.27,-0.12,-0.50,-0.38
215500,-54.93,-426.26,13.18,-0.41,-0.79,-0.38
215700,-55.11,-427.77,13.12,-0.73,-1.07,-0.34
215900,-55.20,-428.58,13.04,-0.92,-1.27,-0.35
216100,-55.17,-428.47,12.87,-0.96,-1.40,-0.44
216300,-55.10,-427.99,12.81,-0.89,-1.36,-0.48
216500,-55.10,-427.88,12.89,-0.84,-1.27,-0.43
216700,-55.16,-428.23,13.05,-0.84,-1.16,-0.32
216900,-55.16,-428.10,13.15,-0.77,-1.02,-0.25
217100,-54.92,-426.22,13.13,-0.41,-0.72,-0.31
217300,-54.74,-424.75,13.17,-0.10,-0.43,-0.33
217500,-54.62,-423.74,13.21,0.11,-0.21,-0.32
217700,-54.43,-422.29,13.16,0.38,-0.01,-0.39
217900,-54.49,-422.71,13.25,0.33,0.03,-0.30
218100,-54.80,-424.92,13.45,-0.01,-0.09,-0.08
218300,-55.09,-427.09,13.65,-0.35,-0.21,0.14
218500,-55.31,-429.08,13.38,-0.84,-0.74,0.10
218700,-55.53,-431.13,13.08,-1.35,-1.31,0.05
218900,-55.54,-431.53,12.80,-1.54,-1.60,-0.06
219100,-55.50,-431.32,12.70,-1.53,-1.62,-0.09
219300,-55.46,-431.12,12.59,-1.53,-1.65,-0.12
219500,-55.49,-431.16,12.80,-1.45,-1.42,0.03
219700,-55.54,-431.28,13.03,-1.37,-1.18,0.20
219900,-55.63,-431.92,13.15,-1.45,-1.13,0.32
220100,-55.83,-433.55,13.09,-1.78,-1.40,0.38
220300,-56.02,-435.29,12.91,-2.18,-1.80,0.39
220500,-56.12,-436.27,12.65,-2.47,-2.15,0.32
220700,-56.19,-437.11,12.40,-2.72,-2.48,0.25
220900,-56.33,-438.18,12.45,-2.91,-2.56,0.35
221100,-56.44,-438.94,12.59,-2.99,-2.51,0.48
221300,-56.55,-439.57,12.81,-3.03,-2.37,0.65
221500,-56.63,-440.01,13.04,-3.01,-2.19,0.83
221700,-56.70,-440.11,13.48,-2.86,-1.76,1.10
221900,-56.61,-439.29,13.55,-2.67,-1.54,1.13
222100,-56.63,-439.64,13.36,-2.81,-1.75,1.06
222300,-56.69,-440.61,12.89,-3.17,-2.32,0.86
222500,-56.79,-441.30,13.04,-3.25,-2.27,0.98
222700,-56.93,-442.27,13.18,-3.38,-2.27,1.10
222900,-57.27,-445.00,13.17,-3.91,-2.69,1.21
223100,-57.46,-446.41,13.23,-4.15,-2.85,1.31
223300,-57.58,-446.95,13.65,-4.09,-2.53,1.56
223500,-57.70,-448.13,13.49,-4.39,-2.87,1.52
223700,-57.81,-449.58,12.94,-4.88,-3.60,1.28
223900,-57.78,-449.62,12.66,-5.00,-3.87,1.13
224100,-57.79,-449.30,13.00,-4.80,-3.49,1.31
224300,-57.86,-449.67,13.24,-4.78,-3.32,1.45
224500,-58.02,-450.74,13.41,-4.92,-3.34,1.58
224700,-58.00,-450.32,13.69,-4.73,-3.01,1.72
224900,-58.10,-450.86,13.93,-4.74,-2.87,1.87
225100,-58.31,-452.78,13.71,-5.20,-3.38,1.82
225300,-58.59,-454.94,13.74,-5.60,-3.69,1.91
225500,-58.74,-455.91,13.99,-5.70,-3.62,2.08
225700,-59.02,-457.88,14.30,-5.96,-3.63,2.33
225900,-59.20,-458.98,14.62,-6.04,-3.50,2.54
226100,-59.27,-459.66,14.52,-6.22,-3.72,2.50
226300,-59.25,-459.62,14.42,-6.25,-3.81,2.44
226500,-59.27,-459.62,14.58,-6.19,-3.68,2.52
226700,-59.19,-459.00,14.49,-6.11,-3.67,2.44
226900,-59.14,-458.60,14.53,-6.02,-3.58,2.44
227100,-59.06,-457.37,15.14,-5.54,-2.83,2.71
227300,-58.94,-455.95,15.55,-5.10,-2.22,2.88
227500,-58.66,-454.05,15.23,-4.87,-2.24,2.62
227700,-58.57,-453.30,15.25,-4.71,-2.11,2.60
227900,-58.58,-453.14,15.51,-4.58,-1.84,2.74
228100,-58.31,-451.05,15.40,-4.22,-1.63,2.59
228300,-58.07,-449.39,15.17,-3.99,-1.60,2.39
228500,-57.97,-448.45,15.27,-3.77,-1.38,2.39
228700,-57.88,-447.89,15.15,-3.71,-1.42,2.30
228900,-57.71,-447.00,14.66,-3.73,-1.75,1.98
229100,-57.90,-448.92,14.29,-4.26,-2.42,1.84
229300,-58.12,-450.87,14.12,-4.70,-2.89,1.81
229500,-58.42,-453.09,14.26,-5.08,-3.12,1.96
229700,-58.56,-454.13,14.36,-5.24,-3.20,2.04
229900,-58.82,-455.97,14.57,-5.52,-3.30,2.22
230100,-59.16,-458.36,14.93,-5.85,-3.35,2.49
230300,-59.39,-459.88,15.28,-6.01,-3.28,2.72
230500,-59.36,-459.80,15.05,-6.09,-3.51,2.57
230700,-59.43,-460.47,14.97,-6.25,-3.72,2.54
230900,-59.37,-460.14,14.83,-6.25,-3.83,2.42
231100,-59.14,-458.35,14.76,-5.94,-3.65,2.28
231300,-58.89,-456.58,14.53,-5.69,-3.63,2.06
231500,-58.71,-455.28,14.37,-5.50,-3.61,1.89
231700,-58.64,-454.64,14.50,-5.34,-3.44,1.90
231900,-58.66,-454.54,14.71,-5.24,-3.27,1.98
232100,-58.74,-455.20,14.72,-5.37,-3.40,1.98
232300,-58.88,-455.86,15.15,-5.34,-3.14,2.20
232500,-59.14,-457.15,15.97,-5.28,-2.61,2.67
232700,-59.29,-458.20,16.10,-5.44,-2.69,2.75
232900,-59.32,-458.28,16.25,-5.40,-2.60,2.80
233100,-59.27,-457.52,16.61,-5.12,-2.18,2.94
233300,-59.09,-456.72,15.99,-5.22,-2.68,2.53
233500,-58.98,-456.19,15.62,-5.26,-2.98,2.28
233700,-58.72,-454.25,15.49,-4.94,-2.84,2.10
233900,-58.50,-452.84,15.13,-4.81,-2.99,1.82
234100,-58.34,-452.27,14.46,-4.97,-3.57,1.41
234300,-58.44,-452.66,14.83,-4.91,-3.31,1.60
234500,-58.43,-452.63,14.81,-4.91,-3.35,1.56
234700,-58.46,-452.97,14.71,-5.02,-3.52,1.50
234900,-58.47,-452.81,14.98,-4.89,-3.27,1.62
235100,-58.48,-452.30,15.52,-4.58,-2.69,1.89
235300,-58.38,-451.48,15.56,-4.41,-2.53,1.88
235500,-58.30,-450.67,15.70,-4.20,-2.29,1.91
235700,-58.25,-449.94,16.09,-3.90,-1.81,2.09
235900,-58.19,-449.26,16.22,-3.72,-1.59,2.13
236100,-58.07,-447.95,16.59,-3.32,-1.04,2.28
236300,-57.84,-446.02,16.74,-2.88,-0.60,2.29
236500,-57.57,-443.90,16.67,-2.50,-0.33,2.16
236700,-57.37,-442.37,16.60,-2.23,-0.17,2.06
236900,-57.18,-440.91,16.51,-1.98,-0.03,1.95
237100,-57.00,-440.11,15.87,-2.08,-0.51,1.57
237300,-57.03,-440.60,15.67,-2.25,-0.77,1.48
237500,-57.03,-440.59,15.62,-2.26,-0.81,1.45
237700,-56.86,-439.45,15.39,-2.13,-0.85,1.28
237900,-56.71,-438.46,15.25,-1.99,-0.83,1.17
238100,-56.58,-437.49,15.19,-1.83,-0.73,1.10
238300,-56.32,-435.65,14.93,-1.57,-0.68,0.89
238500,-56.16,-434.61,14.64,-1.48,-0.79,0.69
238700,-56.13,-434.46,14.60,-1.46,-0.79,0.67
238900,-56.08,-434.30,14.35,-1.53,-1.00,0.53
239100,-56.05,-434.27,14.14,-1.61,-1.19,0.42
239300,-56.06,-434.51,14.00,-1.71,-1.35,0.36
239500,-56.08,-434.68,13.94,-1.76,-1.43,0.33
239700,-56.08,-434.84,13.78,-1.86,-1.60,0.26
239900,-56.03,-434.42,13.83,-1.75,-1.48,0.28
240100,-55.87,-432.93,14.04,-1.38,-1.03,0.35
240300,-55.71,-431.48,14.23,-1.02,-0.61,0.41
240500,-55.53,-429.64,14.63,-0.50,0.08,0.58
240700,-55.32,-427.83,14.73,-0.11,0.47,0.58
240900,-55.17,-427.16,14.18,-0.19,0.08,0.26
241100,-55.10,-426.66,14.16,-0.09,0.16,0.25
241300,-54.91,-425.32,13.98,0.10,0.22,0.12
241500,-54.68,-423.84,13.62,0.25,0.14,-0.11
241700,-54.46,-422.28,13.41,0.47,0.21,-0.26
241900,-54.18,-419.74,13.74,1.10,0.95,-0.15
242100,-53.72,-416.43,13.35,1.60,1.14,-0.46
242300,-53.39,-414.19,12.95,1.88,1.14,-0.74
242500,-53.04,-411.71,12.60,2.23,1.23,-1.00
242700,-52.70,-409.07,12.55,2.73,1.63,-1.10
242900,-52.46,-407.26,12.40,3.03,1.81,-1.22
243100,-52.36,-406.73,12.15,3.04,1.69,-1.34
243300,-52.35,-406.48,12.32,3.15,1.93,-1.23
243500,-52.54,-407.72,12.59,3.02,2.03,-1.00
243700,-52.69,-409.22,12.27,2.61,1.53,-1.08
243900,-52.81,-410.52,11.97,2.24,1.08,-1.16
244100,-53.17,-413.39,11.97,1.69,0.67,-1.02
244300,-53.58,-416.83,11.83,0.98,0.05,-0.93
244500,-53.93,-419.92,11.51,0.25,-0.71,-0.96
244700,-54.35,-423.16,11.62,-0.33,-1.06,-0.74
244900,-54.79,-426.45,11.86,-0.87,-1.32,-0.45
245100,-55.13,-428.95,12.08,-1.26,-1.47,-0.20
245300,-55.39,-430.94,12.21,-1.59,-1.62,-0.03
245500,-55.70,-433.21,12.35,-1.97,-1.82,0.16
245700,-56.03,-435.80,12.44,-2.44,-2.11,0.33
245900,-56.45,-439.19,12.37,-3.12,-2.68,0.44
246100,-56.76,-441.90,12.20,-3.70,-3.24,0.47
246300,-56.99,-444.06,11.83,-4.26,-3.90,0.36
246500,-57.20,-445.94,11.63,-4.70,-4.36,0.34
246700,-57.43,-447.62,11.80,-4.96,-4.44,0.52
246900,-57.53,-448.17,12.10,-4.95,-4.23,0.72
247100,-57.65,-448.84,12.34,-4.98,-4.09,0.89
247300,-57.78,-449.48,12.75,-4.94,-3.79,1.15
247500,-57.85,-449.81,12.99,-4.90,-3.59,1.31
247700,-57.68,-448.40,13.01,-4.62,-3.34,1.28
247900,-57.49,-446.92,12.96,-4.36,-3.15,1.20
248100,-57.26,-445.23,12.83,-4.08,-3.00,1.08
248300,-57.03,-443.50,12.72,-3.78,-2.82,0.96
248500,-56.82,-441.91,12.61,-3.52,-2.67,0.85
248700,-57.02,-443.78,12.37,-3.97,-3.17,0.80
248900,-57.26,-445.90,12.19,-4.44,-3.64,0.80
249100,-57.53,-448.12,12.15,-4.89,-4.01,0.88
249300,-57.80,-450.34,12.10,-5.33,-4.38,0.95
249500,-58.18,-453.30,12.17,-5.87,-4.76,1.12
249700,-58.32,-454.29,12.30,-6.01,-4.77,1.24
249900,-58.44,-455.09,12.43,-6.11,-4.76,1.35
250100,-58.52,-455.65,12.51,-6.19,-4.76,1.43
250300,-58.49,-455.46,12.42,-6.19,-4.80,1.38
250500,-58.34,-454.53,12.22,-6.09,-4.84,1.24
250700,-58.19,-453.55,12.00,-5.98,-4.89,1.09
250900,-58.17,-453.20,12.19,-5.84,-4.65,1.19
251100,-58.19,-453.11,12.44,-5.72,-4.39,1.33
251300,-58.29,-453.67,12.67,-5.74,-4.25,1.48
251500,-58.37,-454.18,12.77,-5.79,-4.23,1.56
251700,-58.44,-454.68,12.87,-5.85,-4.21,1.64
251900,-58.49,-455.24,12.66,-6.04,-4.49,1.55
252100,-58.59,-456.25,12.49,-6.30,-4.80,1.50
252300,-58.72,-457.29,12.49,-6.50,-4.97,1.53
252500,-58.77,-457.80,12.36,-6.65,-5.17,1.48
252700,-58.82,-458.31,12.24,-6.80,-5.38,1.42
252900,-58.81,-457.74,12.75,-6.49,-4.81,1.68
253100,-58.74,-456.71,13.21,-6.11,-4.23,1.88
253300,-58.72,-456.50,13.23,-6.07,-4.19,1.88
253500,-58.80,-457.00,13.44,-6.08,-4.08,2.00
253700,-58.84,-457.05,13.64,-6.02,-3.91,2.11
253900,-58.80,-457.31,13.13,-6.27,-4.44,1.83
254100,-58.77,-457.46,12.72,-6.46,-4.86,1.60
254300,-58.80,-457.58,12.81,-6.45,-4.79,1.65
254500,-58.75,-457.12,12.86,-6.34,-4.68,1.66
254700,-58.68,-456.64,12.82,-6.26,-4.64,1.62
254900,-58.68,-456.44,12.96,-6.17,-4.49,1.68
255100,-58.72,-456.52,13.27,-6.07,-4.21,1.85
255300,-58.54,-455.00,13.30,-5.76,-3.96,1.81
255500,-58.52,-454.70,13.49,-5.63,-3.73,1.90
255700,-58.50,-454.20,13.79,-5.42,-3.38,2.04
255900,-58.40,-453.30,13.89,-5.21,-3.15,2.05
256100,-58.24,-452.47,13.43,-5.22,-3.45,1.77
256300,-58.21,-452.56,13.10,-5.37,-3.78,1.59
256500,-58.09,-451.90,12.78,-5.37,-3.98,1.39
256700,-58.08,-451.81,12.81,-5.34,-3.93,1.40
256900,-58.10,-452.08,12.71,-5.43,-4.07,1.36
257100,-58.05,-451.66,12.73,-5.34,-3.98,1.36
257300,-58.00,-451.05,12.92,-5.15,-3.71,1.44
257500,-58.04,-450.85,13.44,-4.90,-3.18,1.72
257700,-58.09,-451.09,13.63,-4.88,-3.05,1.83
257900,-58.19,-451.87,13.65,-5.02,-3.15,1.87
258100,-58.34,-452.81,13.92,-5.10,-3.04,2.05
258300,-58.42,-452.96,14.37,-4.95,-2.65,2.30
258500,-58.45,-453.53,14.06,-5.18,-3.03,2.15
258700,-58.56,-454.80,13.65,-5.59,-3.62,1.97
258900,-58.55,-454.83,13.54,-5.64,-3.73,1.91
259100,-58.52,-454.51,13.64,-5.54,-3.58,1.96
259300,-58.58,-455.02,13.59,-5.65,-3.71,1.95
259500,-58.57,-455.07,13.50,-5.70,-3.81,1.90
259700,-58.40,-453.83,13.35,-5.52,-3.76,1.77
259900,-58.36,-453.66,13.25,-5.53,-3.82,1.70
260100,-58.45,-454.60,12.98,-5.81,-4.22,1.59
260300,-58.44,-454.76,12.72,-5.95,-4.49,1.46
260500,-58.40,-454.34,12.82,-5.83,-4.34,1.49
260700,-58.41,-454.29,13.00,-5.75,-4.16,1.59
260900,-58.45,-454.45,13.17,-5.71,-4.03,1.69
261100,-58.45,-454.34,13.22,-5.67,-3.96,1.71
261300,-58.43,-454.35,13.06,-5.74,-4.12,1.62
261500,-58.35,-453.81,12.98,-5.67,-4.12,1.55
261700,-58.23,-452.86,12.96,-5.49,-4.00,1.49
261900,-58.10,-451.87,12.90,-5.32,-3.90,1.42
262100,-57.96,-450.88,12.81,-5.17,-3.83,1.33
262300,-57.88,-450.29,12.77,-5.07,-3.79,1.28
262500,-57.92,-450.53,12.83,-5.09,-3.77,1.32
262700,-58.08,-451.55,13.12,-5.18,-3.66,1.52
262900,-58.22,-452.46,13.28,-5.29,-3.65,1.64
263100,-58.31,-453.13,13.35,-5.39,-3.69,1.71
263300,-58.44,-454.08,13.44,-5.54,-3.74,1.80
263500,-58.50,-454.61,13.36,-5.67,-3.90,1.78
263700,-58.44,-454.52,13.03,-5.79,-4.20,1.59
263900,-58.40,-454.39,12.81,-5.85,-4.38,1.47
264100,-58.43,-454.70,12.73,-5.94,-4.50,1.44
264300,-58.36,-454.46,12.46,-6.00,-4.71,1.28
264500,-58.47,-455.14,12.61,-6.07,-4.68,1.39
264700,-58.61,-456.09,12.79,-6.18,-4.65,1.53
264900,-58.66,-456.60,12.72,-6.31,-4.80,1.51
265100,-58.67,-456.77,12.62,-6.38,-4.92,1.46
265300,-58.94,-458.21,13.29,-6.39,-4.50,1.89
265500,-59.08,-459.08,13.57,-6.45,-4.38,2.08
265700,-59.09,-459.24,13.46,-6.52,-4.50,2.02
265900,-59.13,-459.44,13.61,-6.51,-4.40,2.11
266100,-59.14,-459.39,13.77,-6.43,-4.23,2.20
266300,-59.09,-458.93,13.77,-6.34,-4.16,2.19
266500,-59.11,-458.79,14.07,-6.20,-3.84,2.35
266700,-59.19,-459.32,14.18,-6.26,-3.82,2.44
266900,-59.23,-459.76,14.12,-6.36,-3.94,2.42
267100,-59.33,-460.45,14.16,-6.48,-4.00,2.48
267300,-59.38,-460.90,14.11,-6.59,-4.12,2.47
267500,-59.31,-460.85,13.66,-6.76,-4.54,2.21
267700,-59.27,-460.54,13.59,-6.72,-4.56,2.16
267900,-59.25,-460.67,13.31,-6.86,-4.85,2.01
268100,-59.29,-461.11,13.20,-6.98,-5.01,1.97
268300,-59.34,-461.67,13.03,-7.16,-5.26,1.90
268500,-59.45,-462.39,13.20,-7.23,-5.22,2.02
268700,-59.60,-463.30,13.53,-7.28,-5.04,2.23
268900,-59.76,-464.15,13.89,-7.30,-4.84,2.47
269100,-59.83,-464.67,13.95,-7.38,-4.86,2.52
269300,-59.86,-465.05,13.81,-7.51,-5.05,2.46
269500,-59.93,-465.44,14.00,-7.51,-4.92,2.58
269700,-60.00,-465.82,14.20,-7.50,-4.79,2.71
269900,-60.01,-465.53,14.56,-7.30,-4.40,2.90
270100,-60.00,-465.17,14.83,-7.13,-4.09,3.04
270300,-59.99,-464.87,15.06,-6.98,-3.83,3.15
270500,-59.86,-464.33,14.58,-7.06,-4.19,2.87
270700,-59.71,-463.64,14.05,-7.14,-4.59,2.55
270900,-59.78,-463.79,14.43,-7.02,-4.25,2.76
271100,-59.87,-464.02,14.90,-6.88,-3.85,3.03
271300,-59.88,-464.14,14.87,-6.91,-3.90,3.02
271500,-59.92,-464.51,14.82,-7.01,-4.02,2.99
271700,-59.98,-465.03,14.81,-7.11,-4.10,3.01
271900,-59.90,-464.79,14.40,-7.23,-4.47,2.76
272100,-59.82,-464.46,14.10,-7.28,-4.70,2.58
272300,-59.82,-464.24,14.31,-7.16,-4.48,2.68
272500,-59.85,-464.15,14.67,-7.00,-4.14,2.87
272700,-59.78,-463.55,14.65,-6.90,-4.07,2.83
272900,-59.66,-462.92,14.39,-6.88,-4.23,2.65
273100,-59.59,-462.15,14.53,-6.68,-3.98,2.69
273300,-59.54,-461.64,14.66,-6.53,-3.80,2.73
273500,-59.50,-461.21,14.78,-6.40,-3.62,2.78
273700,-59.58,-461.41,15.21,-6.27,-3.25,3.02
273900,-59.69,-462.07,15.45,-6.31,-3.14,3.17
274100,-59.76,-462.97,15.14,-6.60,-3.57,3.03
274300,-59.79,-463.39,14.92,-6.77,-3.85,2.92
274500,-59.73,-463.01,14.86,-6.72,-3.85,2.87
274700,-59.68,-462.54,14.87,-6.63,-3.77,2.86
274900,-59.65,-462.23,15.00,-6.52,-3.60,2.91
275100,-59.61,-461.84,15.01,-6.44,-3.55,2.89
275300,-59.52,-461.39,14.74,-6.46,-3.74,2.72
275500,-59.53,-461.71,14.55,-6.60,-3.98,2.62
275700,-59.57,-462.07,14.48,-6.70,-4.11,2.58
275900,-59.53,-461.58,14.68,-6.53,-3.86,2.67
276100,-59.52,-461.17,15.01,-6.32,-3.50,2.82
276300,-59.51,-460.84,15.26,-6.16,-3.22,2.94
276500,-59.43,-460.28,15.18,-6.09,-3.23,2.86
276700,-59.33,-459.68,14.98,-6.05,-3.34,2.71
276900,-59.32,-459.76,14.79,-6.14,-3.54,2.60
277100,-59.34,-459.99,14.72,-6.22,-3.67,2.55
277300,-59.41,-460.37,14.87,-6.24,-3.59,2.64
277500,-59.49,-460.83,15.05,-6.26,-3.51,2.75
277700,-59.61,-461.75,15.16,-6.40,-3.57,2.83
277900,-59.68,-462.44,15.03,-6.58,-3.82,2.77
278100,-59.72,-463.00,14.79,-6.79,-4.15,2.64
278300,-59.73,-463.14,14.72,-6.85,-4.26,2.59
278500,-59.74,-463.10,14.78,-6.82,-4.22,2.60
278700,-59.69,-462.60,14.91,-6.68,-4.05,2.63
278900,-59.64,-462.04,15.05,-6.52,-3.86,2.66
279100,-59.58,-461.49,15.18,-6.37,-3.68,2.69
279300,-59.57,-461.34,15.22,-6.33,-3.65,2.68
279500,-59.57,-461.34,15.22,-6.33,-3.68,2.66
279700,-59.57,-461.34,15.22,-6.34,-3.70,2.64
279900,-59.57,-461.34,15.22,-6.35,-3.73,2.61
280100,-59.57,-460.99,15.54,-6.16,-3.40,2.75
280300,-59.56,-460.63,15.86,-5.97,-3.07,2.90
280500,-59.56,-460.28,16.19,-5.77,-2.73,3.05
280700,-59.55,-459.92,16.51,-5.58,-2.39,3.19
280900,-59.55,-459.56,16.84,-5.39,-2.04,3.34
281100,-59.55,-459.55,16.85,-5.38,-2.05,3.33
281300,-59.54,-459.59,16.77,-5.42,-2.15,3.27
281500,-59.50,-459.56,16.43,-5.56,-2.49,3.07
281700,-59.35,-458.50,16.32,-5.40,-2.45,2.95
281900,-59.24,-457.95,15.99,-5.42,-2.69,2.73
282100,-59.13,-457.37,15.66,-5.44,-2.93,2.51
282300,-58.95,-456.16,15.47,-5.28,-2.94,2.35
282500,-58.82,-455.01,15.55,-5.03,-2.70,2.33
282700,-58.69,-454.40,15.08,-5.10,-3.07,2.03
282900,-58.48,-453.11,14.74,-4.99,-3.21,1.78
283100,-58.25,-451.13,14.88,-4.55,-2.77,1.77
283300,-58.20,-450.67,14.93,-4.44,-2.67,1.77
283500,-58.06,-449.69,14.79,-4.31,-2.66,1.65
283700,-58.09,-449.79,14.97,-4.26,-2.51,1.75
283900,-58.18,-450.14,15.26,-4.21,-2.29,1.92
284100,-58.28,-451.08,15.20,-4.42,-2.50,1.92
284300,-58.24,-450.80,15.08,-4.41,-2.57,1.84
284500,-58.24,-450.73,15.20,-4.35,-2.44,1.91
284700,-58.17,-449.92,15.44,-4.10,-2.09,2.01
284900,-57.93,-448.17,15.24,-3.83,-1.99,1.84
285100,-57.65,-446.35,14.83,-3.64,-2.09,1.55
285300,-57.46,-445.04,14.65,-3.45,-2.05,1.41
285500,-57.34,-444.21,14.54,-3.34,-2.02,1.32
285700,-57.28,-443.83,14.42,-3.31,-2.06,1.24
285900,-57.31,-443.84,14.62,-3.23,-1.87,1.36
286100,-57.34,-443.83,14.90,-3.12,-1.60,1.52
286300,-57.29,-443.32,14.98,-2.98,-1.43,1.55
286500,-57.12,-442.33,14.66,-2.91,-1.56,1.35
286700,-56.93,-441.19,14.24,-2.86,-1.77,1.08
286900,-56.82,-440.62,13.94,-2.86,-1.96,0.90
287100,-56.77,-440.11,14.07,-2.71,-1.74,0.96
287300,-56.73,-439.91,13.95,-2.72,-1.81,0.90
287500,-56.75,-440.08,13.92,-2.76,-1.85,0.91
287700,-56.72,-439.70,14.04,-2.63,-1.66,0.97
287900,-56.66,-439.04,14.22,-2.44,-1.38,1.05
288100,-56.60,-438.81,14.00,-2.47,-1.53,0.94
288300,-56.51,-438.23,13.88,-2.40,-1.54,0.86
288500,-56.43,-437.26,14.14,-2.11,-1.13,0.98
288700,-56.36,-436.67,14.22,-1.96,-0.95,1.01
288900,-56.37,-436.93,14.07,-2.07,-1.13,0.95
289100,-56.43,-437.42,14.01,-2.19,-1.25,0.94
289300,-56.43,-437.21,14.25,-2.05,-0.98,1.08
289500,-56.39,-436.53,14.59,-1.78,-0.53,1.25
289700,-56.33,-436.18,14.48,-1.76,-0.57,1.19
289900,-56.23,-435.44,14.42,-1.64,-0.50,1.14
290100,-56.13,-434.83,14.23,-1.59,-0.57,1.02
290300,-56.19,-435.57,13.94,-1.85,-0.95,0.89
290500,-56.39,-437.84,13.31,-2.53,-1.90,0.64
290700,-56.60,-439.70,13.13,-2.97,-2.35,0.62
290900,-56.75,-441.04,12.95,-3.29,-2.72,0.58
291100,-56.83,-441.75,12.92,-3.44,-2.84,0.60
291300,-56.90,-442.17,13.06,-3.46,-2.76,0.71
291500,-56.84,-441.53,13.22,-3.28,-2.49,0.78
291700,-56.87,-441.26,13.70,-3.04,-1.99,1.05
291900,-57.00,-441.54,14.44,-2.80,-1.32,1.47
292100,-57.17,-442.80,14.53,-3.00,-1.42,1.58
292300,-57.28,-443.78,14.43,-3.23,-1.66,1.57
292500,-57.42,-444.92,14.43,-3.45,-1.83,1.62
292700,-57.52,-445.88,14.30,-3.69,-2.10,1.59
292900,-57.60,-446.98,13.83,-4.08,-2.70,1.38
293100,-57.66,-447.43,13.82,-4.18,-2.78,1.39
293300,-57.75,-448.13,13.88,-4.29,-2.83,1.46
293500,-57.90,-449.13,14.04,-4.42,-2.83,1.59
293700,-57.88,-449.16,13.87,-4.49,-3.00,1.49
293900,-57.76,-448.44,13.66,-4.43,-3.08,1.35
294100,-57.75,-448.41,13.59,-4.46,-3.15,1.31
294300,-57.75,-448.36,13.61,-4.44,-3.12,1.32
294500,-57.82,-449.01,13.53,-4.59,-3.29,1.30
294700,-57.98,-450.24,13.59,-4.81,-3.42,1.39
294900,-58.12,-451.20,13.77,-4.92,-3.39,1.53
295100,-58.07,-450.68,13.92,-4.76,-3.17,1.59
295300,-57.96,-449.76,13.91,-4.59,-3.03,1.55
295500,-57.82,-448.38,14.17,-4.22,-2.58,1.64
295700,-57.72,-447.29,14.49,-3.89,-2.12,1.77
295900,-57.71,-447.00,14.70,-3.75,-1.87,1.87
296100,-57.77,-447.39,14.78,-3.79,-1.87,1.93
296300,-57.90,-448.30,14.90,-3.92,-1.89,2.03
296500,-58.04,-449.42,14.93,-4.13,-2.04,2.09
296700,-58.14,-450.43,14.72,-4.41,-2.40,2.00
296900,-57.95,-450.75,12.85,-5.20,-4.21,0.99
297100,-58.21,-451.88,13.81,-5.04,-3.49,1.56
297300,-57.74,-448.18,13.77,-4.34,-2.96,1.39
297500,-57.75,-448.50,13.49,-4.52,-3.28,1.24
297700,-58.02,-450.95,13.20,-5.10,-3.93,1.17
297900,-58.05,-451.22,13.18,-5.17,-4.00,1.16
298100,-58.41,-452.98,14.31,-5.06,-3.21,1.85
298300,-58.57,-454.41,14.13,-5.42,-3.62,1.80
298500,-58.58,-454.18,14.46,-5.24,-3.27,1.97
298700,-58.46,-453.02,14.68,-4.93,-2.89,2.04
298900,-58.24,-451.82,14.11,-4.92,-3.24,1.68
299100,-58.38,-452.73,14.31,-5.02,-3.21,1.82
299300,-58.24,-451.17,14.74,-4.55,-2.56,1.99
299500,-58.23,-450.80,15.03,-4.37,-2.24,2.13
299700,-58.37,-451.91,15.01,-4.59,-2.43,2.16
299900,-58.52,-453.48,14.72,-5.01,-2.96,2.05
300100,-58.30,-451.84,14.56,-4.76,-2.86,1.89
300300,-57.88,-448.46,14.61,-4.08,-2.30,1.78
300500,-57.95,-448.63,15.00,-3.96,-1.96,2.00
300700,-57.97,-449.24,14.52,-4.27,-2.53,1.75
300900,-57.86,-448.94,13.92,-4.45,-3.05,1.40
301100,-57.70,-447.89,13.70,-4.33,-3.10,1.23
301300,-57.68,-447.50,13.91,-4.18,-2.85,1.32
301500,-58.11,-450.77,14.11,-4.74,-3.18,1.56
301700,-58.27,-452.11,14.06,-5.02,-3.44,1.57
301900,-58.80,-455.72,14.71,-5.46,-3.39,2.07
302100,-58.78,-455.75,14.52,-5.55,-3.58,1.96
302300,-58.57,-454.19,14.37,-5.30,-3.48,1.82
302500,-58.58,-453.64,15.01,-4.95,-2.80,2.14
302700,-58.62,-453.44,15.50,-4.71,-2.31,2.40
302900,-58.36,-451.44,15.44,-4.35,-2.07,2.29
303100,-58.56,-452.96,15.53,-4.61,-2.22,2.39
303300,-58.29,-450.63,15.68,-4.10,-1.73,2.37
303500,-58.19,-450.13,15.39,-4.12,-1.93,2.19
303700,-57.81,-447.19,15.28,-3.60,-1.59,2.00
303900,-57.51,-444.88,15.19,-3.18,-1.32,1.86
304100,-57.60,-445.74,15.06,-3.40,-1.59,1.81
304300,-57.68,-446.17,15.29,-3.40,-1.46,1.94
304500,-57.64,-446.00,15.15,-3.42,-1.57,1.85
304700,-58.47,-452.34,15.42,-4.55,-2.33,2.22
304900,-57.45,-444.15,15.42,-2.96,-1.06,1.90
305100,-57.80,-447.61,14.79,-3.88,-2.22,1.67
305300,-57.59,-445.42,15.30,-3.26,-1.41,1.85
305500,-56.84,-439.60,15.09,-2.21,-0.71,1.50
305700,-56.62,-438.22,14.76,-2.08,-0.82,1.25
305900,-57.52,-445.24,14.88,-3.40,-1.83,1.57
306100,-58.24,-450.85,15.09,-4.41,-2.54,1.88
306300,-58.24,-450.98,14.95,-4.50,-2.70,1.79
306500,-58.02,-449.61,14.57,-4.38,-2.86,1.52
306700,-58.16,-450.42,14.86,-4.43,-2.73,1.70
306900,-57.78,-447.39,14.88,-3.83,-2.25,1.58
307100,-57.93,-448.76,14.70,-4.17,-2.66,1.52
307300,-57.94,-448.79,14.75,-4.16,-2.63,1.53
307500,-58.66,-454.20,15.05,-5.10,-3.22,1.88
307700,-59.16,-457.81,15.50,-5.63,-3.38,2.25
307900,-58.75,-454.43,15.59,-4.94,-2.78,2.16
308100,-58.17,-450.09,15.29,-4.21,-2.39,1.82
308300,-57.96,-447.98,15.68,-3.65,-1.71,1.94
308500,-58.16,-449.11,16.17,-3.68,-1.44,2.24
308700,-57.78,-446.52,15.71,-3.36,-1.48,1.88
308900,-57.56,-444.61,15.86,-2.93,-1.06,1.87
309100,-57.59,-444.87,15.86,-2.98,-1.11,1.88
309300,-57.61,-445.50,15.36,-3.30,-1.69,1.61
309500,-57.94,-448.64,14.85,-4.12,-2.68,1.44
309700,-58.51,-453.23,14.81,-5.03,-3.45,1.59
309900,-58.30,-451.46,14.94,-4.64,-3.05,1.59
310100,-57.76,-446.84,15.20,-3.63,-2.08,1.55
310300,-57.58,-445.40,15.24,-3.34,-1.82,1.52
310500,-57.71,-446.17,15.54,-3.37,-1.66,1.71
310700,-57.76,-447.09,14.99,-3.77,-2.33,1.44
310900,-57.91,-447.50,15.82,-3.52,-1.61,1.91
311100,-57.47,-444.67,15.05,-3.27,-1.90,1.37
311300,-57.04,-441.36,14.99,-2.65,-1.43,1.21
311500,-57.38,-443.50,15.56,-2.84,-1.23,1.61
311700,-57.54,-445.05,15.24,-3.27,-1.79,1.49
311900,-57.01,-441.00,15.09,-2.54,-1.29,1.25
312100,-57.15,-442.15,15.06,-2.78,-1.51,1.27
312300,-57.21,-442.63,15.04,-2.88,-1.61,1.27
312500,-57.44,-444.09,15.46,-3.00,-1.44,1.56
312700,-57.33,-443.19,15.45,-2.83,-1.31,1.52
312900,-56.69,-438.68,14.80,-2.20,-1.21,0.99
313100,-56.44,-436.89,14.61,-1.93,-1.12,0.81
313300,-56.80,-439.31,15.12,-2.20,-1.02,1.18
313500,-56.62,-437.65,15.31,-1.80,-0.58,1.22
313700,-56.70,-438.97,14.60,-2.34,-1.46,0.88
313900,-56.26,-435.39,14.69,-1.60,-0.81,0.80
314100,-56.73,-438.40,15.47,-1.89,-0.55,1.33
314300,-56.74,-438.55,15.41,-1.94,-0.64,1.30
314500,-56.66,-438.02,15.27,-1.89,-0.69,1.20
314700,-56.76,-438.77,15.30,-2.03,-0.78,1.25
314900,-57.03,-440.83,15.44,-2.38,-0.98,1.40
315100,-57.28,-442.40,15.81,-2.54,-0.88,1.66
315300,-55.99,-433.08,14.80,-1.11,-0.36,0.75
315500,-55.92,-431.64,15.71,-0.47,0.72,1.19
315700,-56.64,-437.73,15.42,-1.78,-0.53,1.25
315900,-56.79,-438.77,15.55,-1.93,-0.58,1.35
316100,-57.02,-440.35,15.81,-2.14,-0.59,1.55
316300,-56.02,-432.96,15.17,-0.95,-0.03,0.92
316500,-55.93,-432.19,15.26,-0.77,0.16,0.93
316700,-56.33,-434.78,15.87,-1.03,0.33,1.36
316900,-55.92,-431.71,15.65,-0.52,0.60,1.12
317100,-56.77,-438.73,15.43,-1.98,-0.73,1.25
317300,-57.23,-442.09,15.75,-2.51,-0.96,1.55
317500,-57.12,-441.39,15.56,-2.45,-1.04,1.41
317700,-57.18,-442.13,15.32,-2.69,-1.39,1.30
317900,-57.35,-443.52,15.26,-2.99,-1.68,1.31
318100,-57.41,-443.84,15.40,-3.00,-1.61,1.39
318300,-57.74,-446.45,15.47,-3.48,-1.97,1.51
318500,-57.72,-446.04,15.69,-3.32,-1.71,1.60
318700,-57.73,-445.98,15.87,-3.24,-1.56,1.69
318900,-57.69,-445.60,15.96,-3.13,-1.42,1.71
319100,-57.52,-444.24,15.92,-2.88,-1.26,1.63
319300,-57.94,-447.18,16.32,-3.30,-1.36,1.95
319500,-58.20,-449.04,16.53,-3.59,-1.46,2.13
319700,-58.41,-450.67,16.61,-3.88,-1.65,2.22
319900,-58.57,-452.64,15.92,-4.53,-2.62,1.91
320100,-58.15,-449.50,15.73,-3.99,-2.31,1.69
320300,-58.19,-449.56,15.99,-3.90,-2.08,1.83
320500,-58.99,-454.77,17.15,-4.47,-1.82,2.65
320700,-58.49,-451.50,16.45,-4.11,-1.96,2.14
320900,-58.40,-450.55,16.63,-3.85,-1.65,2.20
321100,-58.39,-450.09,17.06,-3.59,-1.17,2.42
321300,-57.80,-446.41,15.99,-3.29,-1.61,1.69
321500,-58.33,-450.23,16.45,-3.86,-1.79,2.08
321700,-58.17,-448.79,16.54,-3.54,-1.47,2.07
321900,-57.54,-443.97,16.35,-2.67,-0.89,1.79
322100,-57.31,-442.29,16.19,-2.41,-0.78,1.63
322300,-57.64,-445.08,16.03,-3.02,-1.38,1.64
322500,-57.55,-444.12,16.24,-2.75,-1.03,1.72
322700,-57.77,-445.81,16.38,-3.03,-1.17,1.86
322900,-58.45,-451.23,16.37,-4.09,-2.05,2.05
323100,-57.69,-445.42,16.10,-3.06,-1.38,1.68
323300,-57.36,-442.80,16.06,-2.56,-1.00,1.56
323500,-57.27,-442.01,16.17,-2.37,-0.78,1.59
323700,-57.28,-442.08,16.15,-2.39,-0.82,1.57
323900,-57.14,-441.49,15.63,-2.48,-1.22,1.26
324100,-57.07,-440.72,15.85,-2.24,-0.89,1.35
324300,-56.98,-440.30,15.53,-2.28,-1.12,1.16
324500,-57.05,-440.74,15.63,-2.33,-1.10,1.23
324700,-57.10,-441.15,15.69,-2.39,-1.11,1.28
324900,-57.01,-440.57,15.51,-2.35,-1.19,1.16
325100,-56.74,-438.50,15.42,-1.97,-0.94,1.03
325300,-56.16,-433.84,15.46,-1.05,-0.16,0.88
325500,-56.41,-435.13,16.16,-1.02,0.29,1.32
325700,-56.35,-434.93,15.86,-1.10,0.04,1.14
325900,-56.23,-434.16,15.71,-1.01,0.02,1.03
326100,-56.20,-433.42,16.16,-0.69,0.56,1.25
326300,-56.01,-432.38,15.74,-0.65,0.33,0.98
326500,-56.49,-436.24,15.68,-1.43,-0.34,1.09
326700,-56.11,-433.48,15.43,-0.99,-0.13,0.85
326900,-56.25,-434.81,15.23,-1.32,-0.53,0.79
327100,-55.91,-432.00,15.30,-0.75,-0.02,0.73
327300,-55.74,-430.22,15.68,-0.25,0.62,0.87
327500,-55.74,-430.31,15.63,-0.29,0.56,0.85
327700,-55.62,-430.03,14.97,-0.49,-0.02,0.47
327900,-55.50,-429.47,14.53,-0.55,-0.34,0.21
328100,-55.53,-429.70,14.56,-0.58,-0.34,0.24
328300,-55.15,-426.82,14.35,-0.10,-0.09,0.02
328500,-55.80,-431.17,15.23,-0.61,0.06,0.67
328700,-55.64,-429.56,15.52,-0.18,0.59,0.77
328900,-55.49,-429.06,14.85,-0.34,0.04,0.39
329100,-55.30,-427.81,14.55,-0.22,-0.04,0.18
329300,-54.85,-424.50,14.28,0.33,0.25,-0.08
329500,-54.87,-424.45,14.49,0.42,0.46,0.04
329700,-54.54,-422.42,13.92,0.60,0.25,-0.34
329900,-54.31,-420.74,13.71,0.84,0.33,-0.51
330100,-54.60,-422.87,13.90,0.50,0.18,-0.32
330300,-54.72,-423.74,14.00,0.37,0.14,-0.23
330500,-54.39,-420.84,14.27,1.05,0.87,-0.18
330700,-54.36,-420.63,14.28,1.09,0.91,-0.18
330900,-54.37,-421.11,13.83,0.82,0.42,-0.40
331100,-54.64,-423.26,13.87,0.42,0.12,-0.29
331300,-54.54,-422.42,13.89,0.59,0.29,-0.30
331500,-54.34,-420.87,13.82,0.87,0.48,-0.39
331700,-54.29,-420.08,14.22,1.18,0.99,-0.19
331900,-54.20,-419.91,13.73,1.03,0.57,-0.46
332100,-54.30,-420.45,13.95,1.01,0.70,-0.30
332300,-54.42,-421.31,14.08,0.89,0.70,-0.19
332500,-54.33,-421.25,13.40,0.64,0.10,-0.54
332700,-53.80,-416.74,13.70,1.64,1.11,-0.53
332900,-54.37,-420.95,13.97,0.93,0.72,-0.20
333100,-53.67,-415.06,14.27,2.20,1.97,-0.23
333300,-53.62,-415.20,13.79,1.99,1.52,-0.47
333500,-53.90,-417.27,13.95,1.65,1.38,-0.27
333700,-53.82,-417.35,13.21,1.35,0.70,-0.65
333900,-54.11,-419.41,13.48,1.06,0.67,-0.39
334100,-54.12,-419.38,13.57,1.10,0.79,-0.31
334300,-53.66,-415.55,13.75,1.92,1.61,-0.31
334500,-53.10,-411.56,13.21,2.49,1.76,-0.73
334700,-52.79,-409.40,12.89,2.79,1.85,-0.95
334900,-52.66,-408.27,13.04,3.08,2.21,-0.87
335100,-52.38,-406.37,12.65,3.30,2.18,-1.12
335300,-51.53,-399.73,12.54,4.55,3.16,-1.39
335500,-51.88,-403.37,11.65,3.50,1.81,-1.70
335700,-51.37,-399.16,11.76,4.37,2.61,-1.76
335900,-50.86,-395.47,11.40,4.94,2.89,-2.06
336100,-50.47,-392.30,11.44,5.58,3.47,-2.11
336300,-51.23,-398.34,11.51,4.44,2.64,-1.80
336500,-51.39,-399.16,11.96,4.46,2.98,-1.48
336700,-50.88,-395.69,11.35,4.90,2.99,-1.91
336900,-50.90,-396.10,11.06,4.71,2.70,-2.01
337100,-51.28,-399.45,10.81,3.96,1.98,-1.98
337300,-51.39,-399.33,11.80,4.38,2.97,-1.41
337500,-51.89,-403.49,11.60,3.50,2.17,-1.33
337700,-52.15,-405.63,11.60,3.09,1.87,-1.22
337900,-52.44,-407.81,11.70,2.71,1.66,-1.04
338100,-52.51,-408.34,11.71,2.61,1.62,-0.99
338300,-53.01,-412.14,11.93,1.97,1.27,-0.70
338500,-53.87,-419.16,11.76,0.55,0.06,-0.49
338700,-54.16,-421.32,11.99,0.23,-0.02,-0.24
338900,-54.70,-425.63,12.00,-0.60,-0.63,-0.03
339100,-54.71,-425.38,12.29,-0.43,-0.27,0.15
339300,-54.88,-426.63,12.43,-0.61,-0.29,0.31
339500,-55.17,-428.97,12.42,-1.06,-0.62,0.44
339700,-55.11,-428.45,12.47,-0.93,-0.46,0.48
339900,-55.05,-428.95,11.45,-1.42,-1.45,-0.02
340100,-55.52,-431.93,12.25,-1.68,-1.11,0.57
340300,-55.67,-432.92,12.46,-1.78,-1.03,0.75
340500,-55.57,-432.39,12.17,-1.79,-1.19,0.59
340700,-55.89,-434.75,12.36,-2.16,-1.34,0.82
340900,-55.99,-435.68,12.25,-2.38,-1.57,0.81
341100,-56.02,-436.35,11.81,-2.68,-2.07,0.61
341300,-56.35,-438.99,11.80,-3.19,-2.47,0.72
341500,-56.45,-439.71,11.91,-3.28,-2.47,0.82
341700,-56.42,-438.93,12.43,-2.93,-1.84,1.08
341900,-56.57,-440.41,12.18,-3.31,-2.30,1.01
342100,-57.31,-446.16,12.33,-4.36,-3.03,1.33
342300,-57.41,-446.89,12.36,-4.48,-3.11,1.38
342500,-57.47,-447.58,12.14,-4.70,-3.42,1.28
342700,-57.71,-449.39,12.30,-4.99,-3.55,1.44
342900,-58.15,-452.63,12.55,-5.51,-3.80,1.71
343100,-58.73,-457.77,12.03,-6.71,-5.08,1.62
343300,-58.62,-457.02,11.94,-6.60,-5.05,1.54
343500,-58.83,-458.29,12.33,-6.69,-4.89,1.80
343700,-59.28,-462.31,11.89,-7.63,-5.91,1.72
343900,-59.57,-464.36,12.19,-7.91,-5.95,1.96
344100,-59.75,-465.15,12.85,-7.81,-5.46,2.35
344300,-59.33,-462.37,12.28,-7.50,-5.58,1.91
344500,-59.56,-463.84,12.61,-7.65,-5.51,2.14
344700,-59.92,-466.23,13.13,-7.91,-5.39,2.52
344900,-59.99,-466.38,13.56,-7.77,-5.03,2.75
345100,-60.03,-466.46,13.78,-7.71,-4.84,2.86
345300,-59.79,-464.47,13.85,-7.30,-4.48,2.81
345500,-59.42,-461.82,13.51,-6.92,-4.41,2.51
345700,-58.76,-457.16,12.92,-6.26,-4.27,1.99
345900,-59.38,-461.79,13.23,-7.03,-4.70,2.33
346100,-59.64,-463.78,13.35,-7.37,-4.90,2.47
346300,-59.92,-466.05,13.31,-7.82,-5.30,2.53
346500,-59.69,-464.07,13.44,-7.39,-4.88,2.51
346700,-59.38,-461.42,13.62,-6.82,-4.32,2.49
346900,-59.69,-463.35,14.16,-6.98,-4.13,2.86
347100,-59.69,-463.24,14.27,-6.92,-4.01,2.90
347300,-59.27,-460.04,14.12,-6.36,-3.68,2.69
347500,-59.35,-460.79,13.97,-6.57,-3.94,2.63
347700,-59.41,-461.44,13.84,-6.74,-4.17,2.57
347900,-58.86,-457.27,13.63,-6.02,-3.74,2.29
348100,-58.85,-457.18,13.65,-6.00,-3.71,2.29
348300,-58.96,-457.93,13.75,-6.11,-3.74,2.37
348500,-59.33,-461.23,13.40,-6.88,-4.58,2.30
348700,-59.50,-462.73,13.27,-7.22,-4.94,2.28
348900,-59.30,-460.39,14.01,-6.48,-3.89,2.59
349100,-59.06,-458.85,13.65,-6.33,-3.99,2.33
349300,-58.75,-456.82,13.18,-6.12,-4.13,1.99
349500,-58.91,-458.06,13.24,-6.34,-4.27,2.07
349700,-59.03,-458.85,13.36,-6.44,-4.28,2.16
349900,-59.37,-461.10,13.86,-6.68,-4.17,2.51
350100,-59.12,-459.02,13.96,-6.25,-3.77,2.48
350300,-58.93,-457.41,14.03,-5.91,-3.46,2.45
350500,-57.88,-449.81,13.23,-4.76,-3.06,1.70
350700,-58.05,-450.98,13.38,-4.93,-3.11,1.82
350900,-58.42,-453.64,13.72,-5.31,-3.21,2.10
351100,-58.22,-452.40,13.40,-5.20,-3.33,1.86
351300,-58.19,-452.22,13.27,-5.21,-3.44,1.78
351500,-58.26,-452.96,13.12,-5.42,-3.71,1.71
351700,-58.36,-453.89,13.01,-5.65,-3.98,1.67
351900,-58.44,-454.60,12.92,-5.82,-4.19,1.64
352100,-58.58,-455.27,13.38,-5.77,-3.87,1.90
352300,-58.56,-455.10,13.34,-5.76,-3.89,1.87
352500,-58.48,-454.64,13.20,-5.72,-3.96,1.77
352700,-58.58,-455.32,13.29,-5.82,-3.98,1.84
352900,-58.62,-455.63,13.34,-5.87,-3.99,1.87
353100,-58.64,-455.68,13.44,-5.83,-3.91,1.93
353300,-58.80,-456.93,13.48,-6.06,-4.07,2.00
353500,-59.03,-458.70,13.54,-6.38,-4.29,2.09
353700,-58.86,-457.58,13.31,-6.25,-4.33,1.92
353900,-58.79,-457.04,13.31,-6.15,-4.25,1.90
354100,-58.69,-455.77,13.75,-5.73,-3.64,2.09
354300,-58.66,-455.73,13.54,-5.81,-3.83,1.98
354500,-58.63,-455.70,13.34,-5.88,-4.01,1.87
354700,-58.92,-458.06,13.28,-6.36,-4.43,1.93
354900,-58.94,-458.18,13.31,-6.37,-4.42,1.95
355100,-58.85,-457.37,13.43,-6.16,-4.18,1.99
355300,-58.89,-457.82,13.29,-6.30,-4.37,1.93
355500,-58.92,-458.18,13.18,-6.42,-4.53,1.89
355700,-59.34,-461.55,13.16,-7.07,-5.06,2.02
355900,-59.44,-462.35,13.17,-7.23,-5.17,2.05
356100,-59.61,-463.68,13.20,-7.47,-5.35,2.12
356300,-59.20,-460.46,13.15,-6.87,-4.90,1.97
356500,-58.79,-457.23,13.09,-6.27,-4.46,1.81
356700,-59.18,-460.77,12.65,-7.13,-5.43,1.70
356900,-59.30,-461.85,12.56,-7.37,-5.69,1.68
357100,-59.51,-463.27,12.81,-7.55,-5.67,1.88
357300,-59.46,-462.89,12.77,-7.49,-5.65,1.84
357500,-59.38,-462.32,12.72,-7.40,-5.61,1.79
357700,-59.37,-462.24,12.75,-7.37,-5.57,1.80
357900,-59.37,-462.20,12.76,-7.36,-5.56,1.80
358100,-59.57,-463.52,13.00,-7.52,-5.53,1.99
358300,-59.56,-463.49,12.97,-7.53,-5.56,1.97
358500,-59.52,-463.30,12.86,-7.54,-5.64,1.89
358700,-59.43,-462.22,13.18,-7.20,-5.18,2.02
358900,-59.34,-461.26,13.46,-6.91,-4.77,2.13
359100,-59.14,-460.27,12.84,-6.96,-5.21,1.75
359300,-59.14,-460.32,12.79,-6.99,-5.27,1.72
359500,-59.60,-463.03,13.77,-7.13,-4.77,2.36
359700,-59.40,-461.94,13.23,-7.14,-5.12,2.01
359900,-59.09,-460.31,12.41,-7.14,-5.65,1.49
360100,-59.13,-459.79,13.28,-6.70,-4.76,1.94
360300,-59.12,-459.32,13.61,-6.48,-4.38,2.10
360500,-58.20,-452.22,13.38,-5.20,-3.51,1.69
360700,-58.53,-455.16,13.12,-5.88,-4.22,1.66
360900,-59.15,-460.57,12.63,-7.11,-5.52,1.59
