age,depth,d18o,error
20,7.35,-35.16,1
40,14.15,-35.82,1
60,20.4,-35.11,1
80,26.1,-34.65,1
100,31.53,-34.53,1
120,36.83,-35.29,1
140,42.05,-35.02,1
160,46.95,-35.02,1
180,51.75,-35.78,1
200,56.33,-35.16,1
220,60.83,-35.61,1
240,65.13,-35.12,1
260,69.35,-35.79,1
280,73.6,-35.82,1
300,77.6,-35.36,1
320,81.75,-36.05,1
340,85.65,-35.39,1
360,89.55,-36.14,1
380,93.48,-35.33,1
400,97.43,-35.35,1
420,101.4,-35.72,1
440,105.28,-35.03,1
460,109.1,-35.61,1
480,112.88,-35.82,1
500,116.7,-34.93,1
520,120.43,-35.07,1
540,124.05,-35.87,1
560,128.18,-35.13,1
580,131.88,-34.98,1
600,135.73,-35.05,1
620,139.4,-35.53,1
640,143.18,-34.86,1
660,146.93,-35.25,1
680,150.7,-36.43,1
700,154.33,-35.07,1
720,157.73,-35.2,1
740,161.38,-35.49,1
760,165.13,-35.67,1
780,168.63,-35.4,1
800,172,-35.15,1
820,175.6,-35.8,1
840,179.23,-35.34,1
860,182.83,-35.62,1
880,186.55,-35.37,1
900,190.18,-35.59,1
920,193.98,-35.14,1
940,197.35,-35.45,1
960,200.75,-35.61,1
980,204.3,-35.92,1
1000,207.85,-34.96,1
1020,211.48,-35.24,1
1040,215.08,-35.02,1
1060,218.68,-35,1
1080,222.2,-34.98,1
1100,225.8,-35.41,1
1120,229.38,-35.73,1
1140,232.98,-35.35,1
1160,236.38,-35.75,1
1180,239.98,-35.45,1
1200,243.35,-35.34,1
1220,247,-35.38,1
1240,250.6,-35.27,1
1260,254.2,-35.15,1
1280,257.73,-35.33,1
1300,261.18,-35.33,2
1320,264.53,-35.27,2
1340,268.1,-35.14,2
1360,271.55,-34.69,2
1380,274.98,-35.44,2
1400,278.7,-35.26,2
1420,282.23,-35.14,2
1440,285.55,-35.28,2
1460,289.23,-34.43,2
1480,292.7,-35.78,2
1500,296.25,-35.33,2
1520,299.7,-35.83,2
1540,303.28,-35.39,1
1560,306.7,-35.35,1
1580,310.13,-35.74,1
1600,313.55,-34.46,1
1620,316.98,-34.64,1
1640,320.4,-35.27,1
1660,323.78,-35.86,1
1680,327.23,-35.49,1
1700,330.78,-35.27,1
1720,334.05,-35.8,1
1740,337.43,-34.93,1
1760,340.7,-35.55,1
1780,344.13,-35.9,1
1800,347.68,-35.44,1
1820,351,-35.47,1
1840,354.04,-35.37,1
1860,357.49,-35.04,1
1880,360.91,-35.39,1
1900,364.34,-34.49,1
1920,367.72,-35.07,1
1940,370.57,-34.43,1
1960,373.97,-34.71,1
1980,377.78,-35.1,1
2000,381.49,-35.32,1
2020,384.6,-35.11,1
2040,388.47,-34.79,1
2060,391.47,-35.35,1
2080,395.05,-34.95,1
2100,398.38,-34.89,1
2120,401.53,-35.07,1
2140,405.18,-35.46,1
2160,408.51,-35.18,1
2180,411.73,-36.07,1
2200,414.83,-35.76,1
2220,418.06,-35.2,1
2240,421.46,-35.26,1
2260,424.47,-34.84,1
2280,427.77,-34.57,1
2300,431.03,-34.81,1
2320,434.32,-35.11,1
2340,437.76,-34.94,2
2360,440.88,-35.09,2
2380,444.21,-35.26,2
2400,447.57,-35.08,2
2420,450.97,-34.68,2
2440,454.01,-34.86,2
2460,457.23,-35.32,2
2480,460.43,-35.88,2
2500,463.51,-35.48,2
2520,466.55,-35.71,2
2540,469.85,-34.83,2
2560,472.87,-35.24,2
2580,476.1,-34.84,2
2600,479.35,-35.43,2
2620,482.6,-35.06,2
2640,485.8,-35.41,2
2660,489.17,-35.14,2
2680,492.12,-35.14,2
2700,495.41,-35.43,2
2720,498.71,-35.32,2
2740,501.78,-35.12,3
2760,505.33,-35.1,3
2780,508.48,-34.83,3
2800,511.93,-34.91,3
2820,514.9,-34.99,3
2840,517.85,-34.92,3
2860,520.77,-34.63,3
2880,524.12,-35.49,3
2900,527.42,-35.2,3
2920,530.64,-34.98,3
2940,533.83,-34.81,3
2960,537.17,-34.38,3
2980,540.47,-34.81,3
3000,543.62,-34.85,3
3020,546.74,-34.79,3
3040,549.87,-35.45,3
3060,552.82,-35.14,3
3080,555.91,-34.94,3
3100,558.87,-35.14,3
3120,562.1,-34.97,3
3140,564.9,-34.87,4
3160,567.71,-35.04,4
3180,570.64,-35.26,4
3200,573.67,-34.54,4
3220,576.95,-35.25,4
3240,579.97,-35.28,4
3260,583.19,-34.76,4
3280,586.34,-35.54,4
3300,589.48,-35.25,4
3320,592.26,-35.24,4
3340,595.5,-34.89,4
3360,598.44,-34.29,4
3380,601.36,-34.98,4
3400,604.69,-35.42,4
3420,607.89,-34.66,4
3440,610.92,-34.8,4
3460,613.93,-34.67,4
3480,616.92,-35.19,4
3500,619.98,-35.28,4
3520,622.86,-34.75,4
3540,625.87,-35.1,5
3560,628.99,-35.42,5
3580,632.01,-34.77,5
3600,634.92,-34.63,5
3620,637.89,-35.09,5
3640,640.99,-35.18,5
3660,644.05,-34.93,5
3680,647.02,-34.28,5
3700,650,-34.71,5
3720,653.05,-34.68,5
3740,656.12,-34.41,5
3760,659.08,-34.65,5
3780,662.09,-35.36,5
3800,664.95,-35.27,5
3820,667.95,-34.78,5
3840,670.98,-35.01,5
3860,674.26,-35.17,5
3880,677.07,-35.36,5
3900,680.06,-34.9,6
3920,682.84,-35.34,6
3940,685.65,-35.16,6
3960,688.47,-34.85,6
3980,691.68,-35.12,6
4000,694.49,-34.96,6
4020,697.32,-35.14,6
4040,700.63,-34.41,6
4060,704.11,-35.2,6
4080,706.92,-34.74,6
4100,710.13,-35.53,7
4120,713.11,-35.14,7
4140,715.86,-34.87,7
4160,718.63,-35.2,7
4180,721.41,-34.72,7
4200,724.12,-34.76,7
4220,726.81,-34.5,7
4240,729.63,-34.78,7
4260,732.59,-35.01,7
4280,735.13,-35.26,7
4300,738.22,-34.92,8
4320,740.98,-34.63,8
4340,744,-34.79,8
4360,746.65,-34.75,8
4380,749.44,-35,8
4400,752.45,-35.47,8
4420,755.34,-35.2,8
4440,758.01,-34.76,8
4460,760.81,-34.06,8
4480,763.36,-34.8,8
4500,765.89,-35.15,9
4520,768.33,-34.83,9
4540,770.94,-35.27,9
4560,773.61,-34.83,9
4580,776.64,-34.21,9
4600,779.48,-34.57,9
4620,782.39,-34.51,9
4640,784.91,-35.05,9
4660,787.9,-34.69,9
4680,790.63,-35.21,9
4700,793.03,-35.02,10
4720,795.69,-34.71,10
4740,798.64,-34.79,10
4760,800.95,-35.09,10
4780,804.14,-34.54,10
4800,807.06,-34.82,10
4820,809.86,-34.66,10
4840,812.37,-34.93,10
4860,814.86,-34.42,10
4880,817.78,-34.89,10
4900,820.2,-34.79,11
4920,822.79,-34.65,11
4940,825.43,-34.55,11
4960,827.85,-34.57,11
4980,830.52,-34.08,11
5000,833.42,-34.92,11
5020,835.93,-34.79,11
5040,838.83,-34.53,11
5060,841.59,-34.8,11
5080,844.2,-34.63,11
5100,846.81,-34.84,12
5120,850.05,-34.64,12
5140,852.79,-35.11,12
5160,855.68,-34.73,12
5180,858.5,-35.05,12
5200,861.14,-33.85,12
5220,863.91,-34.63,12
5240,866.83,-34.9,12
5260,869.41,-34.74,12
5280,872.14,-34.56,12
5300,874.64,-35.27,13
5320,877.24,-35.03,13
5340,879.73,-34.77,13
5360,882.13,-35.39,13
5380,885.06,-34.96,13
5400,887.67,-34.78,13
5420,890.47,-35.1,13
5440,893,-34.35,13
5460,895.73,-34.81,13
5480,898.46,-34.91,13
5500,901.2,-34.47,14
5520,903.83,-34.53,14
5540,906.5,-34.7,14
5560,909.22,-34.36,14
5580,911.77,-34.22,14
5600,914.42,-35.06,14
5620,917.03,-34.78,14
5640,919.58,-35.19,14
5660,922.16,-33.88,14
5680,924.65,-35.2,14
5700,927.19,-35.18,15
5720,929.55,-34.51,15
5740,931.99,-35.25,15
5760,934.79,-34.69,15
5780,937.22,-34.71,15
5800,939.77,-34.55,15
5820,942.18,-34.5,15
5840,944.93,-34.71,15
5860,947.43,-35.02,15
5880,950.12,-34.71,15
5900,953.03,-33.95,16
5920,955.55,-34.2,16
5940,958.09,-34.61,16
5960,960.18,-34.91,16
5980,962.78,-34.73,16
6000,965.21,-34.85,16
6020,967.97,-35.03,16
6040,970.27,-34.77,16
6060,972.71,-34.78,16
6080,975.29,-35.49,16
6100,977.83,-34.27,17
6120,980.04,-35.17,17
6140,982.61,-34.71,17
6160,985.21,-34.39,17
6180,987.78,-34.42,17
6200,989.94,-34.89,17
6220,992.39,-34.89,17
6240,994.99,-34.58,17
6260,997.45,-34.6,17
6280,1000.34,-35.13,17
6300,1002.84,-34.38,18
6320,1005.35,-35.2,18
6340,1007.78,-34.55,18
6360,1010.77,-34.6,18
6380,1013.29,-34.86,18
6400,1015.62,-34.99,18
6420,1018.21,-34.23,18
6440,1020.62,-34.62,18
6460,1022.89,-34.07,18
6480,1025.55,-34.97,18
6500,1027.6,-34.32,19
6520,1029.94,-34.5,19
6540,1032.45,-34.53,19
6560,1034.79,-35.01,19
6580,1037.43,-34.97,19
6600,1039.75,-34.98,19
6620,1042.22,-34.45,19
6640,1044.88,-34.37,19
6660,1047.34,-34.61,19
6680,1049.75,-34.57,19
6700,1052.32,-34.74,20
6720,1054.83,-34.37,20
6740,1057.53,-34.49,20
6760,1060.01,-34.52,20
6780,1062.56,-34.58,20
6800,1064.83,-35.12,20
6820,1067.2,-34.69,20
6840,1069.6,-34.32,20
6860,1072.08,-34.36,20
6880,1074.49,-34.72,20
6900,1077.09,-34.56,21
6920,1079.59,-34.97,21
6940,1082.24,-34.32,21
6960,1084.41,-34.26,22
6980,1086.53,-35.11,22
7000,1088.77,-34.73,23
7020,1091.33,-34.47,23
7040,1093.71,-34.82,23
7060,1095.88,-34.9,24
7080,1098.2,-34.77,24
7100,1100.75,-34.4,25
7120,1103.61,-34.95,25
7140,1106,-34.97,25
7160,1108.25,-34.36,26
7180,1110.46,-35.28,26
7200,1112.82,-34.74,27
7220,1115.24,-34.68,27
7240,1117.64,-34.93,27
7260,1119.92,-34.87,28
7280,1122.07,-34.12,28
7300,1124.25,-34.84,29
7320,1126.65,-34.99,29
7340,1129.13,-34.73,29
7360,1131.51,-34.64,30
7380,1134.16,-34.74,30
7400,1136.34,-34.31,31
7420,1138.52,-34.55,31
7440,1141.01,-34.62,31
7460,1143.07,-34.5,32
7480,1145.4,-34.44,32
7500,1147.83,-33.88,33
7520,1150.16,-34.77,33
7540,1152.66,-34.78,33
7560,1155.07,-35.04,34
7580,1157.29,-34.34,34
7600,1159.81,-34.52,35
7620,1162.23,-34.08,35
7640,1164.07,-34.01,35
7660,1166.38,-34.88,36
7680,1168.31,-33.9,36
7700,1170.54,-34.01,37
7720,1173.11,-34.65,37
7740,1175.36,-34.26,37
7760,1177.35,-34.09,38
7780,1179.41,-34.75,38
7800,1182.27,-34.35,39
7820,1184.71,-34.13,39
7840,1186.97,-33.76,39
7860,1189.47,-34.35,40
7880,1191.64,-34.4,40
7900,1194.1,-34.62,41
7920,1196.22,-34.98,41
7940,1198.38,-34.51,41
7960,1200.51,-34.78,42
7980,1202.58,-34.83,42
8000,1204.84,-33.6,43
8020,1207.12,-34.04,43
8040,1209.33,-34.4,43
8060,1211.48,-34.43,44
8080,1213.51,-35.05,44
8100,1215.53,-34.51,45
8120,1217.62,-34.5,45
8140,1219.47,-33.96,45
8160,1221.56,-35.44,46
8180,1223.46,-35.68,46
8200,1225.46,-35.54,47
8220,1227.26,-36.06,47
8240,1228.99,-35.88,47
8260,1230.56,-36.03,48
8280,1232.53,-35.21,48
8300,1234.78,-35.68,49
8320,1237.16,-34.5,49
8340,1239.2,-34.7,49
8360,1241.04,-34.87,50
8380,1242.94,-34.95,50
8400,1244.84,-34.41,51
8420,1246.74,-35.36,51
8440,1248.7,-34.79,51
8460,1250.75,-34.46,52
8480,1252.59,-35.07,52
8500,1254.39,-34.7,53
8520,1256.5,-34.43,53
8540,1258.4,-34.83,53
8560,1260.45,-34.99,54
8580,1262.41,-34.59,54
8600,1264.2,-34.35,55
8620,1266.07,-34.83,55
8640,1267.97,-34.18,55
8660,1269.66,-35.02,56
8680,1271.79,-35.46,56
8700,1273.68,-35.21,57
8720,1275.67,-34.01,57
8740,1277.56,-34.92,58
8760,1279.4,-34.49,58
8780,1281.18,-35.34,58
8800,1283.04,-34.22,59
8820,1285.07,-35.57,59
8840,1286.76,-35.22,60
8860,1288.68,-34.08,60
8880,1290.44,-35.15,60
8900,1292.17,-34.57,61
8920,1294.04,-34.17,61
8940,1295.85,-34.3,62
8960,1297.54,-34.71,62
8980,1299.74,-34.57,62
9000,1301.54,-34.47,63
9020,1303.4,-34.68,63
9040,1305.08,-35.57,64
9060,1306.82,-35.18,64
9080,1308.46,-34.92,64
9100,1310.23,-34.73,65
9120,1312.12,-34.61,65
9140,1313.93,-34.98,66
9160,1315.62,-34.47,66
9180,1317.55,-34.34,66
9200,1319.24,-34.7,67
9220,1321.01,-34.83,67
9240,1322.88,-34.92,68
9260,1324.4,-35.62,68
9280,1326.11,-35.66,68
9300,1327.73,-36.05,69
9320,1329.25,-35.19,69
9340,1330.87,-35.04,70
9360,1332.57,-34.91,70
9380,1334.36,-34.56,70
9400,1336.18,-34.87,71
9420,1337.81,-34.8,71
9440,1339.56,-34.83,72
9460,1341.22,-35.12,72
9480,1342.94,-35.12,72
9500,1344.72,-34.92,73
9520,1346.41,-34.66,73
9540,1347.87,-35.01,74
9560,1349.52,-34.56,74
9580,1351.16,-34.98,74
9600,1352.67,-35.13,75
9620,1354.48,-34.95,75
9640,1356.13,-34.77,76
9660,1357.78,-34.96,76
9680,1359.35,-34.85,77
9700,1360.87,-34.84,77
9720,1362.51,-34.62,77
9740,1364.19,-34.68,78
9760,1365.83,-34.87,78
9780,1367.39,-34.66,79
9800,1369.07,-34.49,79
9820,1370.71,-35.12,79
9840,1371.87,-35.37,80
9860,1373.44,-35.22,80
9880,1375.15,-34.54,81
9900,1376.7,-35.06,81
9920,1378.2,-35.26,81
9940,1379.72,-34.85,82
9960,1381.21,-35.46,82
9980,1382.79,-34.65,83
10000,1384.34,-35.1,83
10020,1385.88,-34.94,83
10040,1387.37,-35.11,84
10060,1388.82,-35.79,84
10080,1390.23,-35.21,85
10100,1391.72,-35.32,85
10120,1393.18,-35.29,85
10140,1394.61,-35.45,86
10160,1396.05,-34.99,86
10180,1397.61,-35.02,87
10200,1399.13,-34.89,87
10220,1400.55,-35.93,87
10240,1402.07,-35.54,88
10260,1403.52,-36.33,88
10280,1405.04,-36.39,89
10300,1406.44,-36.01,89
10320,1407.91,-36.01,89
10340,1409.42,-35.2,89
10360,1410.77,-36.12,89
10380,1412.14,-36.18,89
10400,1413.48,-36.36,89
10420,1414.8,-35.96,90
10440,1416.18,-36.12,90
10460,1417.5,-36.04,90
10480,1418.84,-35.53,90
10500,1420.22,-36.34,90
10520,1421.55,-35.46,90
10540,1422.87,-35.73,90
10560,1424.23,-35.86,91
10580,1425.59,-35.99,91
10600,1426.93,-35.89,91
10620,1428.22,-36.12,91
10640,1429.54,-36.13,91
10660,1430.85,-36.16,91
10680,1432.22,-35.5,91
10700,1433.5,-35.77,92
10720,1434.84,-36.05,92
10740,1436.11,-36.45,92
10760,1437.43,-35.88,92
10780,1438.71,-36.22,92
10800,1439.92,-36.83,92
10820,1441.16,-35.84,92
10840,1442.44,-36.59,93
10860,1443.8,-36.09,93
10880,1445.12,-37.23,93
10900,1446.33,-37.6,93
10920,1447.53,-37.25,93
10940,1448.64,-37.15,93
10960,1449.92,-37,93
10980,1451.03,-38.01,94
11000,1452.29,-36.53,94
11020,1453.54,-37.05,94
11040,1454.75,-36.44,94
11060,1455.98,-36.64,94
11080,1457.18,-36.89,94
11100,1458.38,-37.11,94
11120,1459.59,-36.71,95
11140,1460.85,-36.43,95
11160,1461.97,-37.13,95
11180,1463.16,-36.62,95
11200,1464.37,-37.25,95
11220,1465.52,-37.39,95
11240,1466.67,-37.6,95
11260,1467.9,-36.57,95
11280,1469.13,-36.16,96
11300,1470.36,-36.58,96
11320,1471.51,-37.54,96
11340,1472.66,-36.67,96
11360,1473.88,-36.91,96
11380,1475.02,-37.45,96
11400,1476.16,-37.63,96
11420,1477.23,-37.11,97
11440,1478.16,-38.46,97
11460,1479.15,-38.26,97
11480,1480.13,-38.72,97
11500,1481.24,-37.41,97
11520,1482.32,-37.84,97
11540,1483.41,-36.9,97
11560,1484.59,-36.6,98
11580,1485.69,-36.87,98
11600,1486.95,-36.78,98
11620,1488.1,-36.41,98
11640,1489.26,-36.57,98
11660,1490.44,-36.68,98
11680,1491.45,-38.49,98
11700,1492.33,-39.04,99
11720,1492.94,-39.6,99
11740,1493.62,-39.72,100
11760,1494.26,-40.85,100
11780,1494.85,-40.55,101
11800,1495.43,-39.87,102
11820,1496.06,-40.45,102
11840,1496.68,-40.97,103
11860,1497.25,-39.17,104
11880,1497.81,-38.93,104
11900,1498.35,-41.52,105
11920,1498.93,-39.73,106
11940,1499.53,-41.94,106
11960,1500.15,-40.34,107
11980,1500.74,-41.54,108
12000,1501.29,-40.54,108
12020,1501.85,-39.6,109
12040,1502.51,-40.17,110
12060,1503.09,-39.32,110
12080,1503.65,-40.77,111
12100,1504.25,-40.74,112
12120,1504.78,-41.89,112
12140,1505.35,-40.61,113
12160,1505.87,-41.76,114
12180,1506.37,-42.09,114
12200,1506.94,-38.91,115
12220,1507.49,-41.4,115
12240,1508.03,-40.9,116
12260,1508.58,-39.9,117
12280,1509.2,-40.71,117
12300,1509.74,-41.01,118
12320,1510.29,-40.41,119
12340,1510.78,-40.95,119
12360,1511.34,-41.73,120
12380,1511.83,-41.17,121
12400,1512.41,-40.73,121
12420,1512.95,-41.21,122
12440,1513.56,-41.05,123
12460,1514.2,-41.39,123
12480,1514.75,-40.02,124
12500,1515.27,-41.91,125
12520,1515.84,-40.62,125
12540,1516.38,-39.09,126
12560,1516.89,-40.95,127
12580,1517.46,-40.54,127
12600,1517.94,-41.43,128
12620,1518.39,-42.71,129
12640,1518.9,-40.59,129
12660,1519.5,-41.82,130
12680,1520.04,-40.92,131
12700,1520.59,-42.27,131
12720,1521.21,-41.82,132
12740,1521.82,-41.95,132
12760,1522.36,-41.06,133
12780,1522.91,-39.86,134
12800,1523.44,-40.17,134
12820,1524.02,-40.36,135
12840,1524.7,-39.88,136
12860,1525.3,-38.98,136
12880,1525.94,-39.81,137
12900,1526.67,-40.11,138
12920,1527.42,-39.42,138
12940,1528.24,-37.79,139
12960,1528.98,-38.25,139
12980,1529.76,-39.11,140
13000,1530.73,-38.96,140
13020,1531.5,-39.87,141
13040,1532.26,-39.55,141
13060,1533.12,-39.49,142
13080,1533.86,-40.52,142
13100,1534.55,-39.77,143
13120,1535.21,-40.57,143
13140,1535.89,-40.17,144
13160,1536.56,-41.51,145
13180,1537.23,-40.08,145
13200,1537.94,-40.53,146
13220,1538.64,-40.1,146
13240,1539.37,-40.58,147
13260,1540,-39.45,147
13280,1540.8,-39.3,148
13300,1541.65,-38.97,148
13320,1542.48,-39.03,149
13340,1543.37,-39.35,149
13360,1544.2,-39.07,150
13380,1545.02,-38.56,150
13400,1545.94,-38.36,151
13420,1546.78,-38.76,151
13440,1547.75,-38.14,152
13460,1548.55,-38.56,152
13480,1549.46,-38.79,153
13500,1550.33,-38.33,153
13520,1551.27,-37.74,154
13540,1552.17,-38.08,155
13560,1553.16,-38.29,155
13580,1553.95,-38.99,156
13600,1554.75,-39.36,156
13620,1555.5,-39.64,157
13640,1556.26,-40.05,157
13660,1557.08,-39.21,158
13680,1557.89,-39.09,158
13700,1558.84,-38.67,159
13720,1559.72,-38.93,159
13740,1560.62,-37.66,160
13760,1561.51,-38.45,160
13780,1562.43,-39.42,161
13800,1563.36,-38.81,161
13820,1564.34,-37.86,162
13840,1565.2,-39.05,162
13860,1566.16,-37.96,163
13880,1567.16,-38,163
13900,1568.06,-38.43,164
13920,1568.98,-38.21,165
13940,1569.95,-38.61,165
13960,1570.75,-38.03,166
13980,1571.51,-39.99,166
14000,1572.26,-39.03,167
14020,1572.97,-39.73,167
14040,1573.59,-40.21,168
14060,1574.28,-39.9,168
14080,1575.03,-40.94,169
14100,1575.9,-38.05,169
14120,1576.77,-38.34,170
14140,1577.59,-38.01,170
14160,1578.54,-38.68,171
14180,1579.3,-38.04,171
14200,1580.19,-37.59,172
14220,1581.18,-37.46,173
14240,1582.16,-38.42,173
14260,1583.16,-37.76,174
14280,1584.06,-37.19,174
14300,1585.16,-37.13,175
14320,1586.22,-37.05,175
14340,1587.24,-37.54,176
14360,1588.24,-36.81,176
14380,1589.2,-37.49,177
14400,1590.16,-36.07,178
14420,1591.12,-37.17,178
14440,1592.08,-37.29,179
14460,1593.14,-37.04,179
14480,1594.21,-36.86,180
14500,1595.05,-36.26,180
14520,1596.12,-36.11,181
14540,1597.21,-36.14,181
14560,1598.32,-36.14,182
14580,1599.47,-36.98,182
14600,1600.52,-35.81,183
14620,1601.4,-36.74,184
14640,1602.32,-37.48,184
14660,1603.31,-37.52,185
14680,1604.17,-37.97,185
14700,1604.89,-40.64,186
14720,1605.38,-41.96,187
14740,1605.96,-42.47,189
14760,1606.49,-40.81,189
14780,1607.08,-41.03,191
14800,1607.68,-39.92,191
14820,1608.28,-40.68,191
14840,1608.8,-42.44,192
14860,1609.36,-40.78,193
14880,1609.88,-41.18,194
14900,1610.39,-40.14,194
14920,1610.9,-41.47,195
14940,1611.37,-41.76,195
14960,1611.83,-41.65,196
14980,1612.3,-40.88,196
15000,1612.83,-42.61,197
15020,1613.32,-42.37,198
15040,1613.72,-41.54,198
15060,1614.18,-43.17,198
15080,1614.66,-39.98,199
15100,1615.13,-43.51,200
15120,1615.55,-42.76,202
15140,1615.98,-40.12,204
15160,1616.39,-42.26,204
15180,1616.84,-42.99,205
15200,1617.32,-42.08,205
15220,1617.73,-40.57,206
15240,1618.18,-43.57,207
15260,1618.67,-40.55,208
15280,1619.12,-44.91,209
15300,1619.63,-41.99,209
15320,1620.11,-41.29,211
15340,1620.56,-42.08,211
15360,1621.02,-40.75,213
15380,1621.45,-40.66,214
15400,1621.92,-40.04,214
15420,1622.38,-43.26,215
15440,1622.83,-42.38,216
15460,1623.27,-42.89,217
15480,1623.77,-41.61,218
15500,1624.25,-41.95,219
15520,1624.71,-43.57,219
15540,1625.17,-41.88,220
15560,1625.6,-43.21,221
15580,1626.03,-44.56,223
15600,1626.44,-42.31,224
15620,1626.87,-42.15,224
15640,1627.34,-42.12,226
15660,1627.74,-42.2,226
15680,1628.16,-40.39,226
15700,1628.56,-43.5,226
15720,1628.98,-43.08,227
15740,1629.41,-44.63,228
15760,1629.81,-42.79,230
15780,1630.21,-44.02,231
15800,1630.6,-43.85,231
15820,1631.06,-40.21,231
15840,1631.51,-41.7,233
15860,1631.99,-41.15,234
15880,1632.52,-40.81,234
15900,1632.96,-43.15,235
15920,1633.38,-42.98,235
15940,1633.83,-41.55,237
15960,1634.32,-40.53,237
15980,1634.76,-41.6,240
16000,1635.26,-41.94,241
16020,1635.7,-42.3,243
16040,1636.21,-41.42,245
16060,1636.66,-41.29,246
16080,1637.12,-42.99,247
16100,1637.54,-44.97,248
16120,1637.99,-43.25,249
16140,1638.43,-40.35,250
16160,1638.85,-43.59,252
16180,1639.3,-41.86,254
16200,1639.76,-41.64,254
16220,1640.23,-44.27,255
16240,1640.66,-39.89,255
16260,1641.06,-42.36,257
16280,1641.51,-41.99,257
16300,1641.94,-40.71,259
16320,1642.37,-42.1,260
16340,1642.79,-42.33,261
16360,1643.27,-42.5,262
16380,1643.76,-39.74,264
16400,1644.22,-42.81,265
16420,1644.71,-41.62,265
16440,1645.15,-40.74,266
16460,1645.64,-42.58,267
16480,1646.11,-41.26,268
16500,1646.55,-41.18,269
16520,1646.99,-38.29,269
16540,1647.48,-40.38,272
16560,1647.9,-41.68,272
16580,1648.3,-41.52,273
16600,1648.75,-40.58,273
16620,1649.2,-42.77,275
16640,1649.73,-42.78,277
16660,1650.24,-40.88,278
16680,1650.75,-41.55,279
16700,1651.2,-40.65,280
16720,1651.66,-42.69,281
16740,1652.1,-39.36,282
16760,1652.56,-40.72,283
16780,1653.03,-41.8,284
16800,1653.52,-40.92,285
16820,1653.96,-39.26,287
16840,1654.49,-40.64,288
16860,1654.97,-39.46,290
16880,1655.41,-40.35,292
16900,1655.84,-40.3,293
16920,1656.28,-42.1,294
16940,1656.66,-41.25,295
16960,1657.11,-42.41,296
16980,1657.54,-40.69,298
17000,1658.02,-42.12,299
17020,1658.5,-40.42,300
17040,1658.94,-42.23,301
17060,1659.44,-40,303
17080,1659.92,-39.76,306
17100,1660.37,-38.99,306
17120,1660.89,-42.35,308
17140,1661.36,-39.8,309
17160,1661.88,-40.26,310
17180,1662.31,-40.48,310
17200,1662.8,-40.56,312
17220,1663.28,-40.17,313
17240,1663.78,-41.24,313
17260,1664.18,-42.24,315
17280,1664.59,-39.81,316
17300,1665.04,-39.8,317
17320,1665.49,-41.58,318
17340,1665.89,-40.55,321
17360,1666.33,-40.64,322
17380,1666.86,-39.94,323
17400,1667.31,-41.25,325
17420,1667.78,-42.94,328
17440,1668.19,-42.38,328
17460,1668.65,-41.52,329
17480,1669.09,-40.75,330
17500,1669.55,-40.72,331
17520,1669.95,-41.49,332
17540,1670.38,-41.22,333
17560,1670.8,-38.85,333
17580,1671.2,-40.46,333
17600,1671.65,-41.85,334
17620,1672.12,-39.58,335
17640,1672.61,-39.7,336
17660,1673.08,-40.89,337
17680,1673.63,-40.04,338
17700,1674.11,-40.7,338
17720,1674.49,-42.53,340
17740,1674.92,-41.35,341
17760,1675.35,-41.31,342
17780,1675.8,-41.04,343
17800,1676.27,-40.9,343
17820,1676.8,-38.95,345
17840,1677.31,-41.45,346
17860,1677.78,-42.4,346
17880,1678.2,-43.36,347
17900,1678.67,-41.14,347
17920,1679.16,-40.93,348
17940,1679.64,-42.52,349
17960,1680.05,-41.74,350
17980,1680.47,-43.47,351
18000,1680.96,-42.27,351
18020,1681.39,-42.68,351
18040,1681.82,-41.83,351
18060,1682.25,-40.5,353
18080,1682.64,-42.77,354
18100,1683.07,-42.9,355
18120,1683.57,-42.77,356
18140,1684.07,-42.99,356
18160,1684.55,-40.6,357
18180,1685.06,-40.68,358
18200,1685.55,-40.98,358
18220,1686.04,-42.25,358
18240,1686.5,-41.83,359
18260,1686.95,-41.63,359
18280,1687.35,-44.35,360
18300,1687.86,-42.17,361
18320,1688.35,-40.74,361
18340,1688.78,-43.78,362
18360,1689.23,-42.4,364
18380,1689.66,-43.02,364
18400,1690.04,-42.35,365
18420,1690.43,-41.89,366
18440,1690.92,-42.12,366
18460,1691.32,-42.25,368
18480,1691.75,-42.82,368
18500,1692.19,-40.04,370
18520,1692.67,-42.21,370
18540,1693.11,-41.75,372
18560,1693.54,-39.92,374
18580,1693.97,-40.92,375
18600,1694.41,-42.85,377
18620,1694.92,-41.37,378
18640,1695.36,-40.41,380
18660,1695.82,-40.96,380
18680,1696.29,-40.12,381
18700,1696.74,-41.7,381
18720,1697.18,-41.13,382
18740,1697.67,-41.01,383
18760,1698.13,-42.66,384
18780,1698.59,-42.25,384
18800,1699.01,-41.46,386
18820,1699.51,-41.24,387
18840,1700,-40.87,389
18860,1700.51,-41.97,389
18880,1700.94,-40.39,390
18900,1701.38,-40.26,392
18920,1701.82,-42.36,393
18940,1702.27,-42.09,394
18960,1702.68,-40.85,396
18980,1703.14,-42.11,398
19000,1703.56,-41.29,398
19020,1703.99,-42.16,400
19040,1704.42,-40.04,400
19060,1704.87,-42.61,401
19080,1705.33,-41.81,401
19100,1705.76,-42.03,402
19120,1706.18,-41.5,404
19140,1706.68,-42.48,405
19160,1707.08,-42.75,406
19180,1707.55,-41.38,407
19200,1708.02,-43.74,407
19220,1708.4,-42.52,408
19240,1708.82,-40.54,410
19260,1709.27,-43.75,410
19280,1709.72,-41.23,411
19300,1710.14,-42.72,412
19320,1710.58,-40.42,413
19340,1711.04,-41.28,414
19360,1711.47,-41.68,414
19380,1711.88,-41.75,415
19400,1712.33,-42.86,416
19420,1712.79,-43.07,418
19440,1713.29,-42.36,419
19460,1713.72,-40.85,420
19480,1714.18,-41.35,421
19500,1714.61,-42.17,422
19520,1715.1,-41.37,422
19540,1715.54,-42.65,424
19560,1716.03,-40.93,425
19580,1716.53,-42.56,425
19600,1716.99,-40.46,426
19620,1717.4,-40.83,427
19640,1717.83,-40.89,428
19660,1718.29,-41.84,428
19680,1718.67,-39.93,430
19700,1719.11,-41.5,431
19720,1719.51,-42.05,432
19740,1719.89,-41.43,433
19760,1720.28,-41.4,434
19780,1720.73,-41.63,434
19800,1721.17,-42.8,434
19820,1721.64,-43.02,436
19840,1722.09,-41.4,438
19860,1722.54,-40.22,438
19880,1723.03,-40.69,438
19900,1723.44,-41.43,439
19920,1723.9,-40.66,440
19940,1724.34,-41.6,441
19960,1724.81,-42.62,442
19980,1725.24,-42.14,443
20000,1725.63,-42.66,444
20020,1726.07,-41.97,445
20040,1726.48,-41.69,445
20060,1726.96,-42.76,446
20080,1727.42,-42.71,446
20100,1727.81,-41.33,447
20120,1728.24,-42.68,447
20140,1728.67,-42.01,448
20160,1729.12,-42.6,449
20180,1729.56,-42.19,450
20200,1730.04,-42.79,452
20220,1730.55,-40.37,452
20240,1731,-41.4,452
20260,1731.47,-42.46,453
20280,1731.96,-42.54,453
20300,1732.41,-41.92,454
20320,1732.92,-42.38,457
20340,1733.32,-43.13,458
20360,1733.76,-41.86,459
20380,1734.14,-43.12,460
20400,1734.57,-44.51,460
20420,1735.04,-42.45,461
20440,1735.43,-43.21,462
20460,1735.82,-43.52,463
20480,1736.26,-42.04,463
20500,1736.75,-41.92,463
20520,1737.16,-43.2,465
20540,1737.61,-43.36,465
20560,1738.09,-44.97,465
20580,1738.51,-42.52,466
20600,1738.97,-42.06,467
20620,1739.44,-41.89,469
20640,1739.86,-42.42,471
20660,1740.31,-40.62,472
20680,1740.77,-40.09,472
20700,1741.14,-43.6,473
20720,1741.54,-42.12,474
20740,1741.97,-39.93,474
20760,1742.43,-42.75,476
20780,1742.87,-42.39,476
20800,1743.32,-42.98,476
20820,1743.7,-40.72,477
20840,1744.13,-43.35,477
20860,1744.54,-42.55,478
20880,1744.94,-42.08,481
20900,1745.31,-43.27,482
20920,1745.74,-42.27,484
20940,1746.13,-43.93,485
20960,1746.52,-42.95,486
20980,1746.92,-43.09,487
21000,1747.3,-44.85,488
21020,1747.68,-43.5,489
21040,1748.07,-42.52,490
21060,1748.43,-42.26,492
21080,1748.81,-43.68,494
21100,1749.18,-43.31,495
21120,1749.54,-42.63,496
21140,1749.92,-41.83,496
21160,1750.29,-42.08,497
21180,1750.69,-41.92,499
21200,1751.11,-43.89,499
21220,1751.5,-42.88,500
21240,1751.91,-43.91,501
21260,1752.32,-42.58,502
21280,1752.71,-42.68,503
21300,1753.09,-41.02,503
21320,1753.45,-41.96,504
21340,1753.85,-42.42,505
21360,1754.28,-43.83,505
21380,1754.64,-42.06,507
21400,1755,-42.52,508
21420,1755.37,-43.75,509
21440,1755.75,-41.22,511
21460,1756.14,-42.34,511
21480,1756.55,-43.06,513
21500,1756.9,-44.58,513
21520,1757.26,-41.88,513
21540,1757.68,-42.04,514
21560,1758.04,-42.86,515
21580,1758.4,-42.1,515
21600,1758.76,-41.02,517
21620,1759.18,-42.87,518
21640,1759.55,-41.93,519
21660,1759.91,-43.4,520
21680,1760.26,-42.04,520
21700,1760.62,-41.6,521
21720,1761.02,-44.16,522
21740,1761.43,-43.94,523
21760,1761.8,-42.49,524
21780,1762.17,-43.68,525
21800,1762.53,-43.51,527
21820,1762.91,-43.1,528
21840,1763.29,-42.76,528
21860,1763.67,-43.59,529
21880,1764.07,-43.13,529
21900,1764.45,-41.36,530
21920,1764.86,-41.9,530
21940,1765.26,-42.24,531
21960,1765.62,-42.45,531
21980,1765.99,-42.68,531
22000,1766.36,-42.6,532
22020,1766.71,-42.55,532
22040,1767.07,-41.88,533
22060,1767.43,-40.51,534
22080,1767.79,-43.27,536
22100,1768.18,-40.99,536
22120,1768.5,-43.28,537
22140,1768.89,-42.03,538
22160,1769.23,-41,539
22180,1769.61,-42.17,540
22200,1770,-41.51,541
22220,1770.39,-41.53,542
22240,1770.73,-41.15,544
22260,1771.13,-41.44,545
22280,1771.49,-42.32,547
22300,1771.81,-42.41,547
22320,1772.21,-43.05,548
22340,1772.58,-42.69,548
22360,1772.95,-41.05,548
22380,1773.33,-43.67,549
22400,1773.74,-42.38,551
22420,1774.12,-43.47,551
22440,1774.53,-42.36,552
22460,1774.91,-42.51,553
22480,1775.33,-41.82,553
22500,1775.76,-42,554
22520,1776.15,-43.97,556
22540,1776.59,-43.04,557
22560,1776.96,-42.77,558
22580,1777.33,-42.05,560
22600,1777.75,-42.34,561
22620,1778.12,-41.7,563
22640,1778.51,-42.74,563
22660,1778.9,-42.96,563
22680,1779.27,-43.02,564
22700,1779.66,-43.31,564
22720,1780.04,-42.72,565
22740,1780.48,-40.56,566
22760,1780.91,-40.83,567
22780,1781.31,-40.19,568
22800,1781.74,-42.56,568
22820,1782.12,-41.26,570
22840,1782.46,-42.21,570
22860,1782.84,-41.82,571
22880,1783.24,-43.69,572
22900,1783.62,-42.37,573
22920,1784.03,-41.04,575
22940,1784.47,-42.02,577
22960,1784.96,-40.35,579
22980,1785.42,-41.31,580
23000,1785.85,-41.83,582
23020,1786.28,-42.79,583
23040,1786.65,-42.06,585
23060,1787.07,-41.94,585
23080,1787.52,-42.18,585
23100,1787.94,-43.6,586
23120,1788.31,-43.04,587
23140,1788.78,-42.03,588
23160,1789.21,-41.85,589
23180,1789.59,-42.78,589
23200,1789.92,-41.48,590
23220,1790.26,-41.17,590
23240,1790.68,-41.93,591
23260,1791.16,-41.22,592
23280,1791.63,-40.28,593
23300,1792.16,-39.11,594
23320,1792.62,-40.34,595
23340,1793.19,-40.04,596
23360,1793.69,-41.21,597
23380,1794.08,-42.47,598
23400,1794.49,-42.83,599
23420,1794.88,-44.36,599
23440,1795.27,-42.78,600
23460,1795.64,-42.41,602
23480,1795.98,-41.87,605
23500,1796.35,-42.04,607
23520,1796.72,-44.64,608
23540,1797.07,-44.12,609
23560,1797.36,-44.64,610
23580,1797.67,-44.25,610
23600,1798.03,-41.8,611
23620,1798.4,-44.75,612
23640,1798.71,-44.64,614
23660,1799.03,-42.81,615
23680,1799.34,-43.13,617
23700,1799.67,-44.55,618
23720,1799.97,-45.29,621
23740,1800.31,-43.41,621
23760,1800.63,-41.51,624
23780,1800.95,-44.11,625
23800,1801.27,-43.95,625
23820,1801.58,-43.84,626
23840,1801.91,-44.14,626
23860,1802.21,-44.13,628
23880,1802.53,-43.66,630
23900,1802.85,-43.11,632
23920,1803.16,-43.53,633
23940,1803.47,-42.93,633
23960,1803.77,-44.44,634
23980,1804.06,-43.86,635
24000,1804.35,-40.99,636
24020,1804.66,-42.65,638
24040,1804.94,-42.48,639
24060,1805.23,-44.11,640
24080,1805.56,-44.03,641
24100,1805.87,-44.24,642
24120,1806.18,-42.92,643
24140,1806.49,-44.3,644
24160,1806.81,-43.05,644
24180,1807.09,-44.18,645
24200,1807.4,-42.27,646
24220,1807.74,-44.34,647
24240,1808.04,-44.51,649
24260,1808.39,-44.33,652
24280,1808.74,-43.6,653
24300,1809.03,-43.86,654
24320,1809.4,-41.79,655
24340,1809.73,-43.65,656
24360,1810.05,-43.11,657
24380,1810.36,-44.07,658
24400,1810.72,-43.88,658
24420,1811.06,-44.29,660
24440,1811.35,-42.3,662
24460,1811.69,-42.04,663
24480,1812.02,-44.64,664
24500,1812.37,-43.01,665
24520,1812.7,-42.93,665
24540,1813,-43.63,667
24560,1813.28,-43.8,668
24580,1813.57,-42.72,669
24600,1813.89,-42.02,670
24620,1814.19,-43.29,671
24640,1814.49,-42.78,672
24660,1814.79,-45.76,674
24680,1815.08,-43.64,675
24700,1815.37,-44.79,675
24720,1815.69,-42.48,675
24740,1815.96,-42.71,677
24760,1816.3,-43.02,679
24780,1816.6,-44.34,680
24800,1816.88,-43.24,680
24820,1817.14,-45.27,681
24840,1817.46,-44.28,681
24860,1817.77,-43.69,682
24880,1818.11,-44.14,682
24900,1818.47,-44.93,683
24920,1818.79,-44.77,684
24940,1819.1,-43.33,685
24960,1819.44,-41.88,686
24980,1819.76,-43.23,688
25000,1820.06,-42.66,690
25020,1820.43,-42.41,691
25040,1820.78,-43.54,693
25060,1821.11,-42.71,693
25080,1821.43,-43.66,694
25100,1821.76,-44.35,696
25120,1822.06,-44.14,697
25140,1822.38,-44.35,699
25160,1822.72,-43.05,700
25180,1823,-42.74,701
25200,1823.29,-43.11,701
25220,1823.58,-43.42,702
25240,1823.88,-42.35,702
25260,1824.16,-44.12,702
25280,1824.46,-43.08,704
25300,1824.74,-43.91,705
25320,1825.03,-43.14,706
25340,1825.33,-44.02,708
25360,1825.67,-43.4,710
25380,1826,-42.2,711
25400,1826.28,-43.45,712
25420,1826.6,-43.65,714
25440,1826.9,-45.14,715
25460,1827.2,-44.36,717
25480,1827.49,-45.3,718
25500,1827.78,-44.09,719
25520,1828.07,-42.41,720
25540,1828.35,-41.35,722
25560,1828.63,-42.65,723
25580,1828.94,-45.02,725
25600,1829.24,-43.6,726
25620,1829.53,-43.17,727
25640,1829.85,-43,729
25660,1830.13,-44.91,732
25680,1830.42,-44.45,732
25700,1830.71,-46.11,733
25720,1830.99,-43.74,734
25740,1831.29,-43.94,734
25760,1831.59,-45.14,735
25780,1831.89,-43.34,736
25800,1832.19,-43.46,737
25820,1832.5,-44.1,738
25840,1832.79,-43.96,738
25860,1833.09,-45.11,739
25880,1833.36,-44.4,741
25900,1833.64,-44.55,741
25920,1833.94,-44.51,741
25940,1834.25,-42.56,744
25960,1834.53,-43.2,745
25980,1834.82,-44.36,746
26000,1835.12,-42.59,747
26020,1835.45,-44.19,749
26040,1835.79,-45.64,751
26060,1836.17,-43.37,751
26080,1836.53,-42.39,751
26100,1836.83,-43.78,752
26120,1837.15,-41.93,753
26140,1837.5,-44.14,754
26160,1837.87,-42.56,754
26180,1838.25,-42.46,755
26200,1838.64,-41.67,756
26220,1839.03,-43.1,757
26240,1839.46,-42.19,759
26260,1839.83,-44.16,759
26280,1840.19,-43.22,760
26300,1840.56,-42.92,760
26320,1840.92,-43.21,761
26340,1841.29,-42.18,762
26360,1841.65,-42.76,762
26380,1841.99,-42.87,763
26400,1842.33,-41.74,764
26420,1842.67,-42.75,765
26440,1842.98,-42.85,766
26460,1843.36,-43.4,766
26480,1843.74,-43.25,767
26500,1844.13,-42.75,768
26520,1844.47,-44.69,768
26540,1844.76,-44.44,768
26560,1845.05,-46.5,769
26580,1845.36,-45.54,771
26600,1845.72,-43.31,772
26620,1846.02,-43.22,773
26640,1846.33,-44.2,775
26660,1846.66,-43.05,775
26680,1847,-43.1,777
26700,1847.34,-43.63,777
26720,1847.66,-43.09,778
26740,1848,-43.5,780
26760,1848.3,-44.54,782
26780,1848.67,-43.78,784
26800,1849.04,-44.37,785
26820,1849.36,-44.73,786
26840,1849.71,-42.85,787
26860,1850.04,-42.83,789
26880,1850.39,-44.65,790
26900,1850.74,-43.44,791
26920,1851.08,-43.13,791
26940,1851.42,-44.22,794
26960,1851.79,-43.1,794
26980,1852.17,-41.77,795
27000,1852.51,-43.73,795
27020,1852.83,-43.44,795
27040,1853.15,-44,797
27060,1853.49,-44.59,798
27080,1853.86,-43.95,798
27100,1854.21,-42.86,798
27120,1854.57,-42.44,799
27140,1854.91,-41.29,800
27160,1855.2,-44.38,801
27180,1855.52,-41.8,802
27200,1855.84,-43.26,804
27220,1856.18,-43.39,804
27240,1856.5,-43.19,804
27260,1856.86,-43.21,805
27280,1857.23,-43.05,805
27300,1857.56,-43.45,805
27320,1857.91,-43.13,806
27340,1858.23,-44.58,808
27360,1858.56,-43.26,810
27380,1858.9,-44.36,811
27400,1859.24,-43.64,813
27420,1859.58,-44.89,814
27440,1859.93,-44.91,815
27460,1860.22,-43.95,816
27480,1860.53,-44.47,818
27500,1860.88,-42.95,819
27520,1861.22,-42.51,820
27540,1861.69,-43.01,822
27560,1862.24,-41.71,822
27580,1862.75,-41.07,823
27600,1863.36,-40.93,823
27620,1863.95,-40.98,825
27640,1864.58,-39.39,825
27660,1865.24,-39.42,826
27680,1865.79,-40.29,827
27700,1866.38,-40.41,827
27720,1867.03,-38.84,828
27740,1867.72,-38.22,829
27760,1868.43,-38.37,831
27780,1869.12,-39.46,832
27800,1869.6,-43.8,833
27820,1869.9,-43.26,835
27840,1870.19,-44.26,836
27860,1870.54,-44.15,838
27880,1870.85,-41.95,840
27900,1871.17,-44.87,841
27920,1871.49,-44.54,843
27940,1871.82,-43.23,845
27960,1872.12,-43.67,847
27980,1872.5,-43.86,849
28000,1872.81,-44.03,850
28020,1873.14,-45,851
28040,1873.46,-44.97,853
28060,1873.77,-44,855
28080,1874.1,-44.8,856
28100,1874.39,-44.92,858
28120,1874.69,-43.77,860
28140,1874.97,-43.94,862
28160,1875.29,-43.08,863
28180,1875.58,-46.28,865
28200,1875.9,-43.68,865
28220,1876.19,-43.65,867
28240,1876.5,-44.78,870
28260,1876.84,-44.58,871
28280,1877.13,-44.91,873
28300,1877.47,-43.64,876
28320,1877.79,-42.04,877
28340,1878.1,-45.54,878
28360,1878.44,-44.62,879
28380,1878.75,-42.71,880
28400,1879.09,-44.9,880
28420,1879.38,-42.91,880
28440,1879.75,-43.38,881
28460,1880.12,-44.1,881
28480,1880.45,-44.35,882
28500,1880.75,-45.03,883
28520,1881.1,-43.34,884
28540,1881.49,-42.38,885
28560,1881.84,-43.96,885
28580,1882.19,-43.12,886
28600,1882.62,-42.98,887
28620,1883.1,-40.88,888
28640,1883.62,-40.77,888
28660,1884.17,-40.52,889
28680,1884.75,-40.21,889
28700,1885.38,-40.17,890
28720,1885.91,-41.1,890
28740,1886.57,-40.14,891
28760,1887.16,-40.78,893
28780,1887.77,-40.49,893
28800,1888.47,-38.62,894
28820,1889.11,-39.1,895
28840,1889.79,-39.6,896
28860,1890.48,-40.05,896
28880,1891.07,-40.01,897
28900,1891.57,-42.08,898
28920,1891.96,-43.87,898
28940,1892.31,-43.58,900
28960,1892.65,-43.1,901
28980,1892.95,-43.32,901
29000,1893.28,-45.38,901
29020,1893.6,-44.58,903
29040,1893.92,-44,905
29060,1894.23,-43.34,905
29080,1894.52,-43.85,907
29100,1894.79,-45.15,909
29120,1895.08,-43.98,911
29140,1895.35,-44.89,912
29160,1895.64,-42.89,913
29180,1895.93,-43.79,914
29200,1896.2,-45.31,915
29220,1896.5,-43.82,917
29240,1896.78,-42.86,918
29260,1897.05,-45.81,918
29280,1897.32,-44.05,919
29300,1897.63,-43.67,919
29320,1897.89,-44.52,920
29340,1898.2,-42.8,921
29360,1898.48,-44.88,923
29380,1898.78,-43.81,923
29400,1899.08,-43.22,924
29420,1899.35,-43.34,926
29440,1899.61,-43.94,926
29460,1899.9,-45.35,927
29480,1900.16,-44.63,928
29500,1900.4,-43.92,930
29520,1900.64,-46.36,932
29540,1900.91,-44.45,933
29560,1901.16,-44.09,935
29580,1901.46,-44.61,937
29600,1901.78,-45.84,938
29620,1902.06,-46.22,940
29640,1902.34,-44.46,943
29660,1902.6,-43.01,945
29680,1902.87,-44.9,946
29700,1903.16,-46.45,948
29720,1903.42,-44.21,950
29740,1903.67,-46.14,953
29760,1903.98,-44.54,954
29780,1904.27,-44.42,956
29800,1904.57,-43.57,958
29820,1904.85,-44.05,959
29840,1905.12,-45.18,960
29860,1905.42,-44.54,961
29880,1905.74,-43.74,963
29900,1906.01,-44.68,965
29920,1906.28,-44.48,966
29940,1906.58,-43.72,967
29960,1906.89,-44.63,968
29980,1907.22,-44.08,969
30000,1907.54,-42.98,971
30020,1907.8,-43.67,973
30040,1908.09,-45.52,973
30060,1908.37,-45.7,975
30080,1908.67,-43.85,977
30100,1908.95,-44.95,977
30120,1909.22,-46.25,979
30140,1909.5,-44.21,980
30160,1909.77,-45.03,981
30180,1910.09,-44.59,982
30200,1910.36,-43.06,983
30220,1910.63,-45.43,984
30240,1910.92,-44.55,986
30260,1911.19,-44.65,987
30280,1911.46,-45.24,989
30300,1911.72,-44.76,990
30320,1912.04,-44.87,991
30340,1912.33,-43.49,992
30360,1912.6,-44.28,993
30380,1912.87,-42.29,994
30400,1913.19,-43.97,995
30420,1913.44,-44.73,996
30440,1913.69,-44.93,999
30460,1913.92,-45.24,999
30480,1914.17,-44.77,999
30500,1914.48,-43.95,1000
30520,1914.78,-43.47,1002
30540,1915.13,-43.49,1004
30560,1915.41,-44.21,1006
30580,1915.75,-42.71,1007
30600,1916.08,-44.22,1008
30620,1916.43,-43.29,1009
30640,1916.77,-43.8,1011
30660,1917.12,-41.58,1012
30680,1917.45,-42.44,1013
30700,1917.81,-43.39,1016
30720,1918.23,-42.22,1018
30740,1918.67,-42.69,1019
30760,1919.11,-42.05,1021
30780,1919.47,-42.01,1022
30800,1919.83,-44.03,1023
30820,1920.21,-45.08,1023
30840,1920.56,-42.83,1024
30860,1920.91,-43.9,1025
30880,1921.27,-42.45,1027
30900,1921.61,-43.19,1029
30920,1921.94,-43.76,1032
30940,1922.22,-44.79,1034
30960,1922.53,-45.37,1036
30980,1922.87,-43.42,1036
31000,1923.16,-44.4,1038
31020,1923.46,-42.99,1038
31040,1923.78,-44.97,1039
31060,1924.13,-41.75,1041
31080,1924.46,-44.27,1042
31100,1924.78,-44.2,1043
31120,1925.11,-44.13,1045
31140,1925.45,-43.08,1047
31160,1925.78,-43.57,1048
31180,1926.08,-42.73,1049
31200,1926.36,-45.16,1049
31220,1926.63,-43.7,1051
31240,1926.96,-44.25,1053
31260,1927.32,-44.18,1054
31280,1927.64,-43.7,1055
31300,1927.94,-43.97,1057
31320,1928.25,-42.79,1059
31340,1928.56,-43.63,1061
31360,1928.83,-43.67,1063
31380,1929.15,-44.36,1064
31400,1929.45,-45.2,1065
31420,1929.77,-43.57,1066
31440,1930.07,-43.09,1067
31460,1930.35,-44.57,1069
31480,1930.66,-41.65,1070
31500,1930.96,-43.28,1072
31520,1931.24,-45.39,1073
31540,1931.55,-43.86,1074
31560,1931.85,-43.37,1076
31580,1932.15,-44.74,1078
31600,1932.51,-43.33,1080
31620,1932.83,-43.98,1081
31640,1933.15,-44.19,1084
31660,1933.48,-43.69,1085
31680,1933.8,-44.29,1089
31700,1934.11,-43.64,1089
31720,1934.47,-43.2,1089
31740,1934.8,-42.67,1091
31760,1935.12,-43.16,1092
31780,1935.46,-45.06,1092
31800,1935.79,-43.26,1094
31820,1936.11,-43.37,1095
31840,1936.42,-43.5,1096
31860,1936.74,-45.22,1098
31880,1937.04,-42.81,1099
31900,1937.36,-44.89,1100
31920,1937.65,-42.76,1101
31940,1937.97,-44.23,1101
31960,1938.28,-43.48,1103
31980,1938.6,-44.16,1103
32000,1938.95,-42.54,1103
32020,1939.32,-44.45,1104
32040,1939.68,-43.87,1107
32060,1940.03,-41.4,1108
32080,1940.48,-41.72,1109
32100,1940.9,-41.23,1111
32120,1941.39,-42.79,1111
32140,1941.84,-40.5,1113
32160,1942.31,-41.06,1116
32180,1942.82,-40.69,1117
32200,1943.31,-40.85,1118
32220,1943.82,-40.59,1119
32240,1944.26,-39.86,1120
32260,1944.73,-40.34,1122
32280,1945.23,-40.7,1122
32300,1945.83,-40.51,1123
32320,1946.41,-40.7,1123
32340,1946.96,-40.42,1124
32360,1947.49,-40.44,1126
32380,1948.01,-39.83,1129
32400,1948.59,-39.04,1129
32420,1949.2,-40.38,1130
32440,1949.79,-39.61,1130
32460,1950.41,-38.81,1130
32480,1951.02,-38.91,1131
32500,1951.65,-40.14,1132
32520,1952.12,-42.38,1132
32540,1952.45,-43.82,1133
32560,1952.71,-43.57,1134
32580,1953,-44.14,1135
32600,1953.27,-43.77,1136
32620,1953.58,-43.67,1139
32640,1953.92,-43.3,1140
32660,1954.26,-44.81,1141
32680,1954.58,-43.29,1143
32700,1954.82,-45.77,1145
32720,1955.1,-44.61,1146
32740,1955.38,-44.58,1149
32760,1955.67,-43.09,1151
32780,1955.96,-43.42,1155
32800,1956.25,-45.03,1157
32820,1956.53,-45.25,1159
32840,1956.82,-44.84,1161
32860,1957.11,-44.81,1163
32880,1957.42,-45.78,1164
32900,1957.72,-44.23,1166
32920,1958.02,-44.07,1168
32940,1958.28,-43.85,1169
32960,1958.57,-42.07,1169
32980,1958.85,-42.72,1171
33000,1959.16,-44.33,1171
33020,1959.46,-43.76,1172
33040,1959.76,-43.83,1172
33060,1960.01,-42.67,1173
33080,1960.25,-43.84,1173
33100,1960.55,-44.33,1174
33120,1960.82,-44.15,1175
33140,1961.07,-44.25,1176
33160,1961.35,-43.29,1177
33180,1961.65,-42.87,1179
33200,1961.91,-42.7,1181
33220,1962.23,-43.14,1182
33240,1962.49,-44.7,1184
33260,1962.76,-43.02,1185
33280,1963.03,-43.44,1187
33300,1963.32,-43.61,1188
33320,1963.61,-45.89,1190
33340,1963.95,-43.29,1190
33360,1964.3,-43.35,1191
33380,1964.62,-41.9,1192
33400,1965.14,-41.15,1192
33420,1965.64,-41.56,1193
33440,1966.18,-40.98,1194
33460,1966.73,-39.74,1195
33480,1967.27,-40.08,1195
33500,1967.79,-39.61,1196
33520,1968.38,-40.44,1196
33540,1968.97,-40.32,1197
33560,1969.54,-38.92,1199
33580,1970.1,-39.98,1200
33600,1970.7,-39.96,1201
33620,1971.23,-39.7,1202
33640,1971.75,-39.91,1203
33660,1972.32,-40.07,1204
33680,1972.97,-38.59,1206
33700,1973.59,-39.06,1209
33720,1974.16,-39.83,1210
33740,1974.55,-40.52,1212
33760,1974.91,-41.82,1215
33780,1975.29,-41.98,1217
33800,1975.62,-42.06,1220
33820,1975.97,-42.39,1221
33840,1976.34,-42.4,1222
33860,1976.65,-42.16,1224
33880,1977,-44.12,1224
33900,1977.33,-41.36,1226
33920,1977.65,-43.39,1228
33940,1977.99,-42.95,1230
33960,1978.28,-42.82,1231
33980,1978.58,-44.86,1232
34000,1978.9,-42.81,1233
34020,1979.21,-43.39,1235
34040,1979.53,-42.27,1237
34060,1979.86,-42.68,1238
34080,1980.14,-43.05,1240
34100,1980.42,-42.22,1241
34120,1980.7,-43.3,1243
34140,1981.02,-43.07,1243
34160,1981.33,-42.13,1244
34180,1981.63,-42.34,1245
34200,1981.91,-43.38,1246
34220,1982.21,-43.15,1249
34240,1982.55,-41.84,1251
34260,1982.85,-42.67,1252
34280,1983.13,-42.3,1254
34300,1983.48,-43.47,1255
34320,1983.78,-44.04,1257
34340,1984.08,-43.38,1258
34360,1984.38,-42.35,1259
34380,1984.69,-42.41,1260
34400,1984.99,-44.39,1262
34420,1985.31,-42.63,1264
34440,1985.64,-43.15,1265
34460,1986,-42.33,1267
34480,1986.32,-41.98,1268
34500,1986.56,-43.23,1269
34520,1986.87,-42.7,1270
34540,1987.14,-43.39,1271
34560,1987.43,-43.95,1272
34580,1987.71,-42.59,1274
34600,1988,-43.1,1275
34620,1988.31,-43.92,1277
34640,1988.61,-43.51,1278
34660,1988.88,-41.78,1280
34680,1989.26,-41.32,1282
34700,1989.58,-42.26,1282
34720,1989.94,-43.09,1283
34740,1990.28,-44.35,1286
34760,1990.74,-40.9,1286
34780,1991.25,-40.22,1288
34800,1991.75,-39.35,1289
34820,1992.28,-40.4,1291
34840,1992.79,-40.99,1291
34860,1993.3,-40.21,1292
34880,1993.79,-40.35,1293
34900,1994.21,-41.16,1294
34920,1994.67,-40.45,1295
34940,1995.19,-41.79,1295
34960,1995.66,-40.08,1297
34980,1996.15,-41.3,1297
35000,1996.54,-41.06,1298
35020,1997.04,-41.15,1299
35040,1997.52,-40.04,1299
35060,1998.06,-39.72,1299
35080,1998.5,-39.08,1300
35100,1999.04,-39.52,1301
35120,1999.58,-40.02,1302
35140,2000.08,-40.36,1303
35160,2000.63,-39.75,1304
35180,2001.14,-39.31,1305
35200,2001.7,-40.11,1307
35220,2002.23,-40.46,1307
35240,2002.75,-38.74,1309
35260,2003.34,-39.64,1309
35280,2003.89,-39.32,1311
35300,2004.43,-39.82,1311
35320,2005,-39.21,1312
35340,2005.55,-39.61,1314
35360,2006.09,-38.48,1315
35380,2006.65,-38.81,1316
35400,2007.16,-39.45,1317
35420,2007.75,-38.8,1318
35440,2008.32,-38.25,1319
35460,2008.88,-39.18,1320
35480,2009.44,-39.46,1321
35500,2009.93,-40.96,1321
35520,2010.33,-42.74,1323
35540,2010.7,-42.95,1324
35560,2011.04,-44.65,1324
35580,2011.36,-40.86,1325
35600,2011.65,-43.18,1326
35620,2011.94,-42.78,1326
35640,2012.23,-42.88,1328
35660,2012.49,-41.54,1330
35680,2012.82,-42.92,1330
35700,2013.11,-42.91,1332
35720,2013.43,-41.75,1333
35740,2013.71,-41.57,1336
35760,2014.03,-41.3,1337
35780,2014.28,-44.02,1338
35800,2014.58,-43.05,1338
35820,2014.88,-43.14,1340
35840,2015.18,-44.11,1342
35860,2015.47,-44.88,1344
35880,2015.75,-44.37,1347
35900,2016.04,-44.75,1348
35920,2016.33,-43.88,1349
35940,2016.6,-44.02,1351
35960,2016.91,-41.76,1352
35980,2017.22,-43.07,1353
36000,2017.51,-42.45,1355
36020,2017.8,-43.33,1355
36040,2018.1,-43.34,1356
36060,2018.37,-43.63,1358
36080,2018.69,-43.2,1360
36100,2018.98,-43.09,1361
36120,2019.27,-43.11,1362
36140,2019.55,-42.56,1364
36160,2019.82,-43.05,1365
36180,2020.11,-42.43,1366
36200,2020.42,-40.64,1368
36220,2020.7,-43.78,1369
36240,2021,-42.71,1372
36260,2021.32,-43.12,1373
36280,2021.63,-43.18,1373
36300,2021.94,-44.56,1374
36320,2022.25,-42.31,1376
36340,2022.54,-43.35,1377
36360,2022.85,-41.17,1378
36380,2023.16,-41.89,1380
36400,2023.5,-42.49,1382
36420,2023.83,-43.57,1384
36440,2024.15,-41.99,1385
36460,2024.53,-43.74,1387
36480,2024.97,-41.83,1389
36500,2025.35,-41.87,1391
36520,2025.71,-41.4,1393
36540,2026.02,-43.4,1395
36560,2026.33,-43,1396
36580,2026.66,-43.04,1397
36600,2027.03,-42.38,1398
36620,2027.43,-41.52,1400
36640,2027.78,-41.92,1401
36660,2028.17,-39.88,1402
36680,2028.6,-40.22,1403
36700,2029.03,-41.79,1403
36720,2029.47,-41.09,1403
36740,2029.9,-40.73,1403
36760,2030.34,-41.32,1404
36780,2030.75,-41.36,1404
36800,2031.2,-41.23,1405
36820,2031.65,-41.37,1406
36840,2032.15,-39.93,1407
36860,2032.67,-41.13,1408
36880,2033.18,-41.21,1410
36900,2033.57,-41.19,1411
36920,2033.93,-41.51,1412
36940,2034.33,-41.47,1412
36960,2034.74,-42.16,1412
36980,2035.18,-41.18,1413
37000,2035.62,-41.03,1413
37020,2036.05,-40.84,1413
37040,2036.52,-41.21,1414
37060,2036.96,-41.45,1415
37080,2037.39,-40.73,1416
37100,2037.8,-40.78,1416
37120,2038.23,-41.31,1417
37140,2038.66,-40.04,1419
37160,2039.16,-40.52,1419
37180,2039.68,-40.26,1420
37200,2040.22,-39.92,1420
37220,2040.77,-39.47,1420
37240,2041.31,-39.69,1420
37260,2041.83,-39.35,1421
37280,2042.36,-40.4,1421
37300,2042.92,-39.95,1422
37320,2043.46,-39.39,1423
37340,2044.01,-38.89,1425
37360,2044.54,-39.43,1425
37380,2045.05,-40.84,1425
37400,2045.54,-40.19,1426
37420,2046.08,-40.76,1426
37440,2046.67,-39.03,1426
37460,2047.21,-39.16,1427
37480,2047.79,-38.75,1427
37500,2048.37,-38.55,1428
37520,2048.97,-39.31,1428
37540,2049.53,-39.96,1428
37560,2050.11,-38.6,1428
37580,2050.66,-38.63,1429
37600,2051.29,-38.5,1429
37620,2051.89,-39.6,1430
37640,2052.44,-39.04,1430
37660,2053.04,-38.7,1430
37680,2053.65,-39.19,1431
37700,2054.25,-38.56,1431
37720,2054.86,-38.73,1432
37740,2055.39,-39.29,1432
37760,2055.97,-38.75,1432
37780,2056.53,-39.11,1432
37800,2057.08,-38.89,1433
37820,2057.7,-39.04,1433
37840,2058.28,-39.37,1434
37860,2058.86,-38.75,1435
37880,2059.44,-39.66,1436
37900,2060.05,-39.17,1436
37920,2060.71,-38.92,1437
37940,2061.26,-39.18,1438
37960,2061.84,-38.97,1438
37980,2062.49,-38.13,1438
38000,2063.13,-39.07,1438
38020,2063.68,-38.88,1440
38040,2064.33,-38.16,1441
38060,2064.99,-38.75,1441
38080,2065.63,-39.01,1441
38100,2066.22,-38.67,1444
38120,2066.9,-38.21,1445
38140,2067.6,-37.87,1446
38160,2068.25,-38.22,1446
38180,2068.9,-38.53,1447
38200,2069.5,-37.58,1448
38220,2070.02,-39.55,1449
38240,2070.4,-42.16,1450
38260,2070.71,-41.77,1451
38280,2071.02,-42.12,1451
38300,2071.33,-42.1,1452
38320,2071.7,-42.05,1453
38340,2072.04,-42.62,1454
38360,2072.39,-43.3,1455
38380,2072.7,-43.48,1457
38400,2072.99,-41.51,1460
38420,2073.28,-43.54,1461
38440,2073.59,-39.9,1462
38460,2073.92,-41.88,1463
38480,2074.17,-43.58,1465
38500,2074.52,-41.92,1465
38520,2074.82,-41.41,1467
38540,2075.11,-44.24,1468
38560,2075.39,-43,1469
38580,2075.73,-43.1,1470
38600,2076.04,-41.8,1470
38620,2076.3,-44.31,1471
38640,2076.59,-42.12,1471
38660,2076.91,-42.77,1472
38680,2077.2,-42.74,1473
38700,2077.49,-43.76,1475
38720,2077.77,-44.41,1476
38740,2078.08,-42.34,1476
38760,2078.39,-43.42,1478
38780,2078.7,-42.78,1478
38800,2079.03,-44.18,1479
38820,2079.3,-43.23,1479
38840,2079.64,-43.39,1480
38860,2079.88,-43.54,1481
38880,2080.19,-42.41,1481
38900,2080.47,-41.67,1482
38920,2080.75,-42.86,1484
38940,2081.07,-43.23,1485
38960,2081.42,-41.34,1488
38980,2081.76,-42.51,1490
39000,2082.05,-41.68,1491
39020,2082.36,-43.85,1492
39040,2082.69,-44.43,1495
39060,2082.97,-45.16,1497
39080,2083.24,-42.13,1497
39100,2083.51,-43.08,1498
39120,2083.8,-44.58,1499
39140,2084.05,-43.24,1500
39160,2084.36,-43.68,1503
39180,2084.66,-43.45,1504
39200,2084.96,-42.28,1504
39220,2085.23,-43,1506
39240,2085.52,-44.15,1508
39260,2085.83,-43.43,1510
39280,2086.09,-44.21,1512
39300,2086.37,-43.4,1513
39320,2086.65,-42.61,1515
39340,2086.93,-44.15,1517
39360,2087.19,-42.37,1519
39380,2087.5,-43.58,1521
39400,2087.84,-43.74,1522
39420,2088.1,-43.61,1524
39440,2088.42,-41.92,1526
39460,2088.7,-41.65,1528
39480,2088.95,-44.66,1530
39500,2089.21,-44.17,1531
39520,2089.47,-44.32,1532
39540,2089.75,-43.43,1534
39560,2090.04,-42.24,1535
39580,2090.3,-42.56,1537
39600,2090.59,-41.71,1541
39620,2090.85,-44.69,1542
39640,2091.15,-43.47,1544
39660,2091.39,-43.03,1546
39680,2091.65,-42.35,1547
39700,2091.94,-42.48,1548
39720,2092.18,-43.06,1551
39740,2092.46,-44.26,1553
39760,2092.72,-42.15,1556
39780,2092.97,-43.67,1557
39800,2093.23,-42.32,1559
39820,2093.49,-42.84,1561
39840,2093.74,-44.11,1564
39860,2094,-43.49,1566
39880,2094.31,-43.54,1569
39900,2094.64,-42.61,1569
39920,2094.97,-42.21,1570
39940,2095.27,-42.19,1570
39960,2095.58,-42.19,1572
39980,2095.92,-41.6,1573
40000,2096.31,-40.85,1574
40020,2096.73,-40.35,1574
40040,2097.14,-40.83,1574
40060,2097.56,-40.71,1576
40080,2097.98,-40.5,1576
40100,2098.4,-39.67,1577
40120,2098.85,-40.59,1578
40140,2099.25,-39.45,1579
40160,2099.61,-40.84,1580
40180,2099.97,-42.55,1580
40200,2100.35,-43.72,1582
40220,2100.68,-42.58,1583
40240,2100.97,-42.09,1584
40260,2101.28,-42.53,1585
40280,2101.63,-42.07,1587
40300,2101.93,-42.49,1587
40320,2102.26,-42.12,1588
40340,2102.6,-41.98,1589
40360,2102.93,-42.4,1591
40380,2103.28,-42.41,1592
40400,2103.59,-41.76,1594
40420,2103.87,-42.37,1595
40440,2104.13,-42.28,1596
40460,2104.43,-43,1597
40480,2104.73,-42.07,1598
40500,2105.04,-42.32,1599
40520,2105.36,-41.79,1600
40540,2105.67,-41.92,1601
40560,2105.97,-42.41,1603
40580,2106.26,-43.4,1604
40600,2106.57,-43,1606
40620,2106.89,-42.58,1607
40640,2107.21,-45.42,1607
40660,2107.54,-42.57,1607
40680,2107.86,-42.49,1608
40700,2108.16,-42.86,1609
40720,2108.43,-44.29,1610
40740,2108.81,-42.54,1611
40760,2109.13,-44.53,1612
40780,2109.4,-43.86,1614
40800,2109.71,-43.19,1615
40820,2110.05,-41.04,1616
40840,2110.34,-42.59,1616
40860,2110.69,-41.46,1618
40880,2111.04,-42.63,1618
40900,2111.37,-41.98,1618
40920,2111.71,-42.35,1619
40940,2112.04,-41.3,1619
40960,2112.38,-42.16,1620
40980,2112.78,-40.41,1621
41000,2113.17,-41.18,1622
41020,2113.62,-40.8,1622
41040,2114.03,-39.59,1623
41060,2114.42,-39.83,1623
41080,2114.79,-40.35,1624
41100,2115.2,-39.6,1624
41120,2115.67,-39.22,1624
41140,2116.07,-40.36,1625
41160,2116.57,-39.7,1625
41180,2117.01,-41.25,1625
41200,2117.49,-39.25,1625
41220,2117.94,-39.36,1626
41240,2118.39,-40.13,1627
41260,2118.92,-39.84,1627
41280,2119.42,-39.94,1628
41300,2119.93,-38.34,1628
41320,2120.41,-39.47,1629
41340,2120.91,-39.41,1631
41360,2121.4,-39.97,1631
41380,2121.89,-38.94,1632
41400,2122.45,-38.82,1632
41420,2123.02,-38.56,1632
41440,2123.6,-38.36,1633
41460,2124.03,-39.79,1633
41480,2124.45,-41.75,1633
41500,2124.72,-43.22,1635
41520,2125.02,-42.27,1637
41540,2125.35,-41.32,1639
41560,2125.67,-43.49,1640
41580,2125.95,-42.76,1641
41600,2126.21,-42.71,1642
41620,2126.48,-41.75,1645
41640,2126.79,-42.31,1647
41660,2127.06,-41.7,1649
41680,2127.35,-43.61,1651
41700,2127.64,-42.91,1652
41720,2127.94,-41.92,1653
41740,2128.2,-41.67,1654
41760,2128.48,-43.75,1656
41780,2128.73,-43.27,1658
41800,2129.02,-43.6,1658
41820,2129.3,-42.85,1659
41840,2129.58,-42.23,1660
41860,2129.85,-41.83,1660
41880,2130.12,-42.57,1661
41900,2130.38,-43.06,1662
41920,2130.64,-43.66,1663
41940,2130.94,-42.47,1664
41960,2131.21,-42.06,1666
41980,2131.46,-42.84,1667
42000,2131.73,-43.2,1669
42020,2132,-43.92,1670
42040,2132.25,-42.03,1672
42060,2132.54,-42.11,1673
42080,2132.83,-43.49,1673
42100,2133.12,-42.25,1674
42120,2133.39,-42.64,1675
42140,2133.64,-41.52,1676
42160,2133.91,-41.73,1678
42180,2134.16,-42.12,1678
42200,2134.45,-42.27,1679
42220,2134.71,-42.17,1680
42240,2134.99,-42.03,1682
42260,2135.28,-41.73,1685
42280,2135.63,-42.66,1685
42300,2136,-40.57,1685
42320,2136.37,-39.58,1687
42340,2136.71,-41.5,1688
42360,2137.04,-40.62,1688
42380,2137.39,-41.26,1690
42400,2137.75,-40.76,1691
42420,2138.09,-40.78,1693
42440,2138.46,-40.31,1695
42460,2138.83,-41.63,1695
42480,2139.17,-41.73,1696
42500,2139.54,-41.87,1697
42520,2139.88,-41.14,1698
42540,2140.24,-40.6,1698
42560,2140.61,-41.03,1698
42580,2140.97,-41.65,1700
42600,2141.3,-40.93,1702
42620,2141.68,-39.99,1702
42640,2142.05,-40.38,1704
42660,2142.39,-41,1705
42680,2142.78,-40.64,1705
42700,2143.14,-39.68,1707
42720,2143.49,-39.29,1709
42740,2143.86,-40.39,1710
42760,2144.24,-39.4,1711
42780,2144.58,-39.66,1713
42800,2144.94,-40.2,1714
42820,2145.33,-39.53,1716
42840,2145.78,-39.43,1717
42860,2146.19,-39.54,1718
42880,2146.66,-39.47,1719
42900,2147.12,-39.83,1719
42920,2147.57,-38.67,1720
42940,2148.01,-38.99,1721
42960,2148.48,-39.05,1722
42980,2148.91,-39.63,1723
43000,2149.35,-39.36,1724
43020,2149.81,-38.48,1724
43040,2150.28,-38.04,1725
43060,2150.74,-38.64,1727
43080,2151.24,-38.72,1728
43100,2151.69,-38.06,1729
43120,2152.19,-38.81,1729
43140,2152.7,-39.55,1730
43160,2153.17,-38.85,1731
43180,2153.67,-39.52,1732
43200,2154.19,-39.76,1732
43220,2154.64,-40.75,1733
43240,2155.1,-39.45,1733
43260,2155.6,-38.95,1734
43280,2156.08,-39.66,1734
43300,2156.58,-39.32,1735
43320,2157.05,-38.45,1736
43340,2157.49,-39.91,1736
43360,2157.79,-41.07,1736
43380,2158.08,-42.46,1737
43400,2158.34,-41.46,1738
43420,2158.61,-41.48,1739
43440,2158.9,-42.01,1739
43460,2159.19,-42.98,1740
43480,2159.46,-43.81,1741
43500,2159.76,-42.61,1741
43520,2159.99,-43.85,1743
43540,2160.23,-42.36,1744
43560,2160.49,-43.59,1744
43580,2160.73,-43.73,1746
43600,2160.97,-44.04,1747
43620,2161.24,-44.15,1748
43640,2161.48,-43.39,1750
43660,2161.74,-43.19,1751
43680,2162.01,-42.07,1753
43700,2162.27,-42.91,1753
43720,2162.52,-41.53,1754
43740,2162.78,-42.23,1756
43760,2163.04,-42.84,1757
43780,2163.31,-41.82,1757
43800,2163.57,-42.67,1759
43820,2163.82,-41.52,1760
43840,2164.1,-42.94,1761
43860,2164.38,-40.43,1762
43880,2164.64,-42.67,1763
43900,2164.9,-42.07,1764
43920,2165.16,-42.98,1765
43940,2165.45,-43.96,1765
43960,2165.7,-42.26,1766
43980,2165.97,-44.78,1767
44000,2166.26,-41.3,1769
44020,2166.5,-41.83,1770
44040,2166.75,-42.68,1771
44060,2167.03,-41.94,1771
44080,2167.27,-43.58,1772
44100,2167.48,-43.12,1773
44120,2167.77,-42.69,1775
44140,2168.04,-43.81,1775
44160,2168.3,-43.65,1775
44180,2168.57,-43.57,1776
44200,2168.83,-41.84,1777
44220,2169.14,-41.67,1777
44240,2169.42,-43.41,1778
44260,2169.72,-43.1,1780
44280,2170,-44.04,1780
44300,2170.3,-41.5,1781
44320,2170.59,-41.98,1782
44340,2170.88,-41.75,1783
44360,2171.21,-41.75,1783
44380,2171.54,-41.15,1784
44400,2171.91,-39.87,1786
44420,2172.24,-39.43,1787
44440,2172.59,-40.91,1788
44460,2173,-39.81,1789
44480,2173.39,-40.27,1789
44500,2173.77,-39.29,1789
44520,2174.12,-40.54,1790
44540,2174.5,-41.07,1790
44560,2174.8,-40.45,1791
44580,2175.12,-41.51,1791
44600,2175.42,-42.56,1792
44620,2175.75,-41.59,1793
44640,2176,-41.77,1794
44660,2176.28,-41.4,1795
44680,2176.61,-42.16,1796
44700,2176.96,-40.59,1796
44720,2177.3,-40.24,1798
44740,2177.62,-40.66,1801
44760,2177.92,-41.38,1803
44780,2178.26,-40.17,1803
44800,2178.6,-41.68,1804
44820,2178.93,-41.54,1805
44840,2179.26,-40.86,1806
44860,2179.58,-40.57,1808
44880,2179.89,-42.54,1810
44900,2180.21,-41.99,1810
44920,2180.55,-41.29,1811
44940,2180.89,-41.13,1813
44960,2181.2,-41.5,1815
44980,2181.54,-40.01,1815
45000,2181.87,-41.01,1817
45020,2182.23,-39.76,1818
45040,2182.58,-41.47,1819
45060,2182.95,-40.78,1819
45080,2183.29,-40.93,1819
45100,2183.63,-40.89,1820
45120,2184.01,-40.74,1820
45140,2184.38,-39.95,1821
45160,2184.73,-41.65,1823
45180,2185.04,-41.05,1825
45200,2185.36,-40.35,1826
45220,2185.69,-39.91,1827
45240,2186.01,-40.36,1827
45260,2186.36,-40.21,1829
45280,2186.71,-41.72,1830
45300,2187.06,-39.81,1831
45320,2187.4,-41.26,1832
45340,2187.77,-41.38,1834
45360,2188.11,-40.48,1835
45380,2188.44,-41.17,1837
45400,2188.83,-40.53,1839
45420,2189.2,-40.48,1840
45440,2189.59,-40.39,1842
45460,2189.99,-39.13,1843
45480,2190.36,-39.65,1844
45500,2190.8,-39.44,1845
45520,2191.24,-40.56,1846
45540,2191.69,-40,1846
45560,2192.08,-40.06,1848
45580,2192.49,-40.54,1849
45600,2192.9,-39.23,1849
45620,2193.29,-39.24,1851
45640,2193.77,-39.16,1851
45660,2194.17,-40.16,1852
45680,2194.59,-39.21,1852
45700,2195.01,-38.93,1852
45720,2195.42,-39.77,1854
45740,2195.88,-39.69,1854
45760,2196.29,-39.27,1855
45780,2196.72,-39.96,1856
45800,2197.2,-38.8,1856
45820,2197.67,-39.41,1858
45840,2198.1,-40.46,1859
45860,2198.55,-39.18,1859
45880,2198.99,-39.71,1861
45900,2199.43,-38.89,1861
45920,2199.84,-39.47,1862
45940,2200.27,-39.06,1864
45960,2200.69,-39.56,1866
45980,2201.11,-40.41,1868
46000,2201.51,-39,1869
46020,2201.94,-39.4,1870
46040,2202.39,-38.7,1870
46060,2202.84,-38.03,1872
46080,2203.32,-38.41,1873
46100,2203.79,-38.82,1874
46120,2204.23,-39.36,1874
46140,2204.71,-39.35,1876
46160,2205.18,-39,1877
46180,2205.68,-38.62,1878
46200,2206.14,-39.1,1879
46220,2206.6,-38.86,1881
46240,2207.05,-38.63,1882
46260,2207.51,-38.73,1883
46280,2207.92,-38.93,1883
46300,2208.41,-38.85,1884
46320,2208.84,-38.91,1886
46340,2209.35,-39.54,1886
46360,2209.81,-38.48,1888
46380,2210.29,-39.21,1889
46400,2210.77,-38.55,1890
46420,2211.23,-39.36,1891
46440,2211.67,-39.08,1892
46460,2212.14,-38.64,1893
46480,2212.61,-38,1895
46500,2213.05,-37.42,1896
46520,2213.49,-38.29,1898
46540,2213.92,-38.56,1900
46560,2214.41,-38.55,1901
46580,2214.92,-39,1901
46600,2215.43,-39.41,1902
46620,2215.9,-38.63,1903
46640,2216.44,-37.78,1904
46660,2217.02,-37.45,1905
46680,2217.56,-38.35,1905
46700,2218.11,-38.25,1906
46720,2218.67,-37.61,1907
46740,2219.2,-37.73,1908
46760,2219.72,-38.23,1909
46780,2220.27,-38.45,1909
46800,2220.83,-37.22,1910
46820,2221.42,-37.28,1910
46840,2221.89,-37.07,1912
46860,2222.3,-41.04,1912
46880,2222.62,-40.54,1913
46900,2222.9,-43.6,1915
46920,2223.2,-41.07,1915
46940,2223.51,-42.62,1915
46960,2223.79,-41.63,1916
46980,2224.04,-43.03,1917
47000,2224.3,-42.48,1918
47020,2224.58,-42.85,1919
47040,2224.84,-43.34,1921
47060,2225.1,-42.85,1922
47080,2225.41,-43.12,1923
47100,2225.67,-42.53,1924
47120,2225.94,-41.24,1926
47140,2226.2,-41.88,1927
47160,2226.47,-42.84,1928
47180,2226.74,-44.25,1929
47200,2227.03,-42.85,1931
47220,2227.3,-41.65,1932
47240,2227.56,-42.6,1933
47260,2227.82,-43.73,1935
47280,2228.07,-42.86,1936
47300,2228.34,-43.24,1938
47320,2228.66,-41.82,1938
47340,2228.91,-41.91,1938
47360,2229.17,-41.68,1940
47380,2229.43,-42.28,1942
47400,2229.69,-42.52,1944
47420,2229.95,-43.13,1945
47440,2230.18,-44.59,1945
47460,2230.46,-42.1,1945
47480,2230.71,-44.59,1946
47500,2230.96,-43.9,1947
47520,2231.19,-43.66,1947
47540,2231.43,-43.77,1948
47560,2231.69,-41.16,1949
47580,2231.95,-42.81,1950
47600,2232.19,-41.37,1952
47620,2232.43,-42.4,1953
47640,2232.68,-41.32,1954
47660,2232.94,-42.12,1955
47680,2233.18,-42.85,1955
47700,2233.42,-43.37,1957
47720,2233.66,-42.44,1958
47740,2233.88,-43.5,1959
47760,2234.13,-44.61,1960
47780,2234.38,-43.94,1961
47800,2234.64,-42.96,1962
47820,2234.91,-43.73,1963
47840,2235.16,-43.17,1964
47860,2235.42,-40.51,1964
47880,2235.65,-42.2,1965
47900,2235.87,-42.63,1967
47920,2236.1,-43.42,1968
47940,2236.34,-43.93,1969
47960,2236.57,-41.88,1970
47980,2236.8,-43.61,1971
48000,2237.03,-42.33,1972
48020,2237.28,-44.1,1972
48040,2237.49,-41.83,1974
48060,2237.72,-42.48,1974
48080,2237.94,-43.66,1975
48100,2238.17,-43.4,1977
48120,2238.39,-43.28,1977
48140,2238.61,-44.49,1978
48160,2238.85,-45.08,1979
48180,2239.08,-43.8,1980
48200,2239.31,-43.7,1981
48220,2239.53,-43,1982
48240,2239.76,-42.88,1983
48260,2239.99,-44.33,1984
48280,2240.24,-43.59,1984
48300,2240.48,-42.82,1985
48320,2240.71,-43.32,1986
48340,2240.96,-42.88,1988
48360,2241.21,-41.42,1988
48380,2241.46,-42.35,1989
48400,2241.72,-42.56,1989
48420,2241.94,-42.98,1991
48440,2242.19,-41.44,1992
48460,2242.44,-42.99,1993
48480,2242.71,-41.38,1995
48500,2243,-41.65,1996
48520,2243.31,-41.18,1998
48540,2243.66,-40.5,1999
48560,2243.96,-40.57,2000
48580,2244.26,-40.88,2002
48600,2244.57,-41.71,2003
48620,2244.93,-41.52,2003
48640,2245.23,-41.44,2004
48660,2245.54,-41.1,2005
48680,2245.82,-40.4,2007
48700,2246.12,-42.06,2007
48720,2246.46,-41.19,2007
48740,2246.8,-40.41,2008
48760,2247.12,-40.56,2009
48780,2247.43,-41.63,2009
48800,2247.79,-40.68,2010
48820,2248.15,-41.45,2011
48840,2248.46,-40.99,2013
48860,2248.85,-39.56,2013
48880,2249.2,-39.9,2015
48900,2249.58,-40.05,2015
48920,2249.97,-39.93,2016
48940,2250.36,-39.58,2016
48960,2250.75,-39.06,2017
48980,2251.2,-39.74,2017
49000,2251.61,-39.67,2017
49020,2252,-39.21,2018
49040,2252.4,-40.25,2019
49060,2252.8,-40.32,2021
49080,2253.15,-41.91,2021
49100,2253.49,-41.96,2022
49120,2253.84,-42.22,2023
49140,2254.2,-40.68,2023
49160,2254.57,-39.58,2024
49180,2254.96,-39.97,2025
49200,2255.35,-39.16,2026
49220,2255.71,-39.01,2027
49240,2256.12,-39.39,2029
49260,2256.52,-38.39,2030
49280,2256.89,-40.42,2031
49300,2257.26,-41.2,2032
49320,2257.57,-41.88,2033
49340,2257.86,-41,2035
49360,2258.15,-42.38,2037
49380,2258.43,-41.96,2038
49400,2258.72,-42.46,2039
49420,2258.96,-42.67,2040
49440,2259.22,-41.75,2041
49460,2259.49,-42,2042
49480,2259.76,-41.54,2044
49500,2260.05,-41.13,2045
49520,2260.34,-41.51,2047
49540,2260.63,-41.24,2048
49560,2260.91,-40.71,2048
49580,2261.18,-41.8,2050
49600,2261.46,-41.1,2051
49620,2261.75,-40.94,2052
49640,2262.08,-39.9,2053
49660,2262.39,-40.73,2054
49680,2262.7,-39.94,2055
49700,2263.01,-40.8,2056
49720,2263.35,-40.3,2057
49740,2263.7,-40.08,2058
49760,2264.02,-40.6,2059
49780,2264.35,-40.9,2060
49800,2264.7,-40.05,2061
49820,2265.02,-40.84,2063
49840,2265.35,-40.52,2063
49860,2265.73,-40.33,2064
49880,2266.06,-40.27,2065
49900,2266.38,-41.32,2065
49920,2266.69,-40.9,2066
49940,2267.01,-41.15,2068
49960,2267.32,-40.42,2068
49980,2267.67,-41.12,2069
50000,2267.98,-40.84,2070
50020,2268.29,-39.78,2071
50040,2268.61,-39.06,2071
50060,2268.9,-41.16,2072
50080,2269.24,-39.61,2073
50100,2269.56,-40.69,2074
50120,2269.91,-41.09,2074
50140,2270.23,-41.46,2076
50160,2270.55,-39.93,2077
50180,2270.88,-40.6,2077
50200,2271.22,-40.77,2078
50220,2271.56,-40.38,2079
50240,2271.86,-40.18,2079
50260,2272.19,-40.18,2080
50280,2272.5,-41.18,2081
50300,2272.84,-41.45,2082
50320,2273.17,-39.98,2083
50340,2273.51,-41.4,2083
50360,2273.83,-40.94,2084
50380,2274.13,-40.18,2086
50400,2274.49,-40.24,2087
50420,2274.84,-40.41,2089
50440,2275.19,-40.66,2090
50460,2275.49,-40.22,2092
50480,2275.81,-41.38,2093
50500,2276.17,-39.89,2094
50520,2276.54,-38.8,2094
50540,2276.84,-40.64,2095
50560,2277.21,-40.39,2095
50580,2277.55,-40.66,2096
50600,2277.9,-41.11,2097
50620,2278.25,-40.34,2097
50640,2278.57,-40.5,2098
50660,2278.89,-39.92,2099
50680,2279.25,-39.22,2099
50700,2279.62,-40.87,2099
50720,2279.97,-40.21,2099
50740,2280.3,-40.24,2100
50760,2280.62,-40.72,2100
50780,2281,-39.98,2101
50800,2281.31,-40.69,2102
50820,2281.65,-40.2,2102
50840,2281.99,-41.12,2103
50860,2282.31,-40.64,2103
50880,2282.65,-39.87,2104
50900,2282.98,-40.33,2105
50920,2283.33,-39.71,2106
50940,2283.69,-40.39,2107
50960,2284.01,-41.84,2109
50980,2284.35,-40.59,2110
51000,2284.69,-39.69,2111
51020,2285.03,-41.01,2111
51040,2285.36,-39.97,2112
51060,2285.71,-39.86,2113
51080,2286.09,-40.24,2115
51100,2286.45,-40.05,2115
51120,2286.74,-41.28,2116
51140,2287.08,-40.89,2117
51160,2287.44,-40.19,2119
51180,2287.79,-41.31,2119
51200,2288.14,-40,2120
51220,2288.49,-39.83,2120
51240,2288.8,-41.12,2122
51260,2289.17,-40.33,2123
51280,2289.5,-41.07,2123
51300,2289.85,-41.28,2124
51320,2290.2,-40.56,2125
51340,2290.55,-39.86,2126
51360,2290.91,-39.4,2128
51380,2291.28,-40.77,2129
51400,2291.62,-39.71,2130
51420,2291.95,-40.23,2131
51440,2292.3,-39.8,2132
51460,2292.62,-39.91,2134
51480,2292.95,-40.25,2134
51500,2293.25,-40.85,2136
51520,2293.57,-41.89,2137
51540,2293.93,-40.5,2137
51560,2294.25,-40.6,2138
51580,2294.61,-41.42,2139
51600,2294.95,-41.75,2140
51620,2295.27,-40.31,2141
51640,2295.57,-41.8,2142
51660,2295.9,-40.17,2144
51680,2296.22,-39.46,2147
51700,2296.59,-38.9,2148
51720,2296.96,-39.03,2149
51740,2297.35,-38.98,2150
51760,2297.74,-39.41,2152
51780,2298.12,-39.35,2153
51800,2298.48,-39.49,2155
51820,2298.84,-40.2,2157
51840,2299.2,-40.38,2159
51860,2299.62,-39.46,2159
51880,2299.99,-39.78,2161
51900,2300.37,-39.69,2161
51920,2300.75,-39.96,2163
51940,2301.11,-38.57,2164
51960,2301.48,-39.44,2166
51980,2301.86,-39.31,2167
52000,2302.2,-39.09,2168
52020,2302.56,-39.41,2168
52040,2302.92,-39.58,2170
52060,2303.29,-39.81,2172
52080,2303.62,-39.88,2173
52100,2303.93,-39.48,2174
52120,2304.27,-39.03,2175
52140,2304.66,-38.81,2176
52160,2305.01,-39.4,2178
52180,2305.35,-39.3,2179
52200,2305.71,-38.88,2180
52220,2306.11,-38.29,2181
52240,2306.45,-39.02,2184
52260,2306.8,-38.63,2185
52280,2307.17,-39.77,2186
52300,2307.57,-39.01,2187
52320,2307.95,-39.96,2188
52340,2308.34,-39.06,2189
52360,2308.72,-39.5,2189
52380,2309.08,-39.94,2190
52400,2309.44,-40.07,2191
52420,2309.8,-38.89,2193
52440,2310.2,-39.69,2194
52460,2310.59,-39.18,2194
52480,2310.99,-38.79,2195
52500,2311.4,-38.2,2196
52520,2311.81,-39.45,2197
52540,2312.19,-39.89,2198
52560,2312.56,-39.45,2199
52580,2312.97,-38.68,2200
52600,2313.35,-38.84,2201
52620,2313.71,-39.89,2203
52640,2314.11,-40.09,2203
52660,2314.5,-39.56,2204
52680,2314.89,-39.45,2205
52700,2315.3,-39.4,2205
52720,2315.7,-39.73,2207
52740,2316.09,-39.35,2208
52760,2316.46,-39.86,2210
52780,2316.84,-39.43,2211
52800,2317.26,-38.42,2211
52820,2317.68,-39.62,2212
52840,2318.06,-39.1,2214
52860,2318.46,-39.32,2215
52880,2318.84,-38.94,2218
52900,2319.22,-39.71,2219
52920,2319.65,-39.35,2220
52940,2320.04,-39.4,2222
52960,2320.39,-39.33,2224
52980,2320.8,-39.11,2226
53000,2321.19,-39.39,2227
53020,2321.54,-38.21,2227
53040,2321.91,-39.11,2229
53060,2322.28,-38.83,2232
53080,2322.68,-39.6,2233
53100,2323.08,-39.58,2235
53120,2323.46,-39.3,2237
53140,2323.85,-39.44,2238
53160,2324.24,-38.53,2240
53180,2324.61,-40.58,2242
53200,2324.99,-39.04,2242
53220,2325.35,-38.49,2244
53240,2325.77,-38.28,2245
53260,2326.12,-38.59,2247
53280,2326.5,-38.72,2248
53300,2326.92,-38.82,2249
53320,2327.32,-39.64,2250
53340,2327.72,-39.77,2251
53360,2328.14,-37.88,2252
53380,2328.52,-38.22,2253
53400,2328.96,-39.59,2254
53420,2329.38,-39.4,2254
53440,2329.77,-38.67,2256
53460,2330.2,-38.86,2257
53480,2330.59,-39.25,2258
53500,2330.98,-38.16,2260
53520,2331.34,-39.24,2260
53540,2331.77,-38.72,2261
53560,2332.19,-39.14,2263
53580,2332.61,-38.35,2264
53600,2333.02,-38.86,2265
53620,2333.45,-38.06,2267
53640,2333.88,-37.96,2268
53660,2334.29,-39.63,2268
53680,2334.69,-38.76,2269
53700,2335.08,-39.8,2270
53720,2335.45,-39.12,2272
53740,2335.85,-39.02,2274
53760,2336.27,-39.72,2275
53780,2336.68,-38.37,2277
53800,2337.05,-38.3,2278
53820,2337.47,-38.88,2279
53840,2337.91,-38.25,2279
53860,2338.31,-38.29,2280
53880,2338.77,-37.71,2281
53900,2339.23,-37.51,2282
53920,2339.62,-38.19,2285
53940,2340.04,-38.78,2285
53960,2340.38,-38.85,2289
53980,2340.73,-41.23,2290
54000,2341.08,-41.31,2291
54020,2341.38,-41.63,2292
54040,2341.78,-39.3,2293
54060,2342.23,-38.65,2294
54080,2342.67,-38.43,2295
54100,2343.06,-38.94,2297
54120,2343.43,-38.63,2297
54140,2343.81,-39.12,2298
54160,2344.25,-39.16,2299
54180,2344.63,-39.61,2300
54200,2345.12,-37.76,2300
54220,2345.52,-39.94,2301
54240,2345.79,-43.59,2302
54260,2346.05,-41.93,2304
54280,2346.31,-42.59,2305
54300,2346.56,-42.82,2305
54320,2346.82,-43.08,2306
54340,2347.1,-41.81,2308
54360,2347.36,-42.99,2310
54380,2347.62,-42.11,2311
54400,2347.85,-42.96,2312
54420,2348.08,-42.65,2313
54440,2348.31,-43.31,2314
54460,2348.52,-41.74,2314
54480,2348.76,-43.71,2316
54500,2349,-43.64,2317
54520,2349.2,-42.42,2319
54540,2349.42,-42.61,2319
54560,2349.64,-43.23,2321
54580,2349.88,-42.69,2321
54600,2350.11,-42,2322
54620,2350.36,-42.15,2322
54640,2350.57,-43.16,2324
54660,2350.8,-42.64,2325
54680,2351.03,-41.7,2326
54700,2351.24,-42.69,2327
54720,2351.46,-42.3,2328
54740,2351.67,-43.03,2328
54760,2351.89,-42.69,2328
54780,2352.13,-40.8,2330
54800,2352.39,-41.04,2332
54820,2352.63,-43.39,2333
54840,2352.88,-40.94,2335
54860,2353.14,-42.63,2335
54880,2353.38,-41.02,2336
54900,2353.65,-41.13,2338
54920,2353.99,-39.07,2340
54940,2354.29,-37.64,2343
54960,2354.64,-37.08,2345
54980,2355,-38.86,2347
55000,2355.34,-40.23,2349
55020,2355.59,-43.11,2350
55040,2355.85,-42.3,2352
55060,2356.09,-43.03,2354
55080,2356.27,-42.81,2355
55100,2356.48,-42.46,2356
55120,2356.7,-44.05,2357
55140,2356.9,-41.11,2358
55160,2357.09,-41.89,2359
55180,2357.31,-43.56,2360
55200,2357.54,-42.14,2361
55220,2357.73,-42.71,2361
55240,2357.93,-43.56,2363
55260,2358.15,-42.03,2364
55280,2358.34,-43.96,2365
55300,2358.56,-43.46,2366
55320,2358.78,-42.57,2366
55340,2359.01,-40.96,2366
55360,2359.2,-41.54,2367
55380,2359.41,-41.31,2367
55400,2359.64,-41.28,2368
55420,2359.93,-42.1,2369
55440,2360.24,-39.71,2370
55460,2360.58,-37.83,2373
55480,2360.91,-39.34,2373
55500,2361.22,-39.2,2373
55520,2361.54,-39.55,2374
55540,2361.88,-38.67,2375
55560,2362.25,-39.96,2376
55580,2362.56,-38.98,2378
55600,2362.87,-40,2379
55620,2363.22,-39.58,2381
55640,2363.59,-39.48,2382
55660,2364.01,-39.37,2383
55680,2364.39,-39.31,2384
55700,2364.75,-38.21,2386
55720,2365.12,-39.07,2388
55740,2365.5,-38.97,2389
55760,2365.81,-39.77,2390
55780,2366.06,-39.87,2390
55800,2366.32,-41.11,2392
55820,2366.56,-41.96,2392
55840,2366.83,-44.06,2394
55860,2367.07,-44,2394
55880,2367.3,-40.61,2395
55900,2367.51,-43.12,2396
55920,2367.74,-43.54,2397
55940,2367.94,-43.58,2398
55960,2368.16,-42.5,2400
55980,2368.39,-42.05,2400
56000,2368.6,-44.22,2402
56020,2368.83,-42.32,2403
56040,2369.05,-42.24,2404
56060,2369.27,-42.98,2404
56080,2369.5,-43.18,2405
56100,2369.72,-42.26,2407
56120,2369.93,-41.88,2407
56140,2370.14,-41.45,2409
56160,2370.38,-41.98,2411
56180,2370.62,-43.06,2412
56200,2370.83,-43.26,2413
56220,2371.04,-42.31,2415
56240,2371.27,-41.85,2417
56260,2371.5,-41.01,2417
56280,2371.72,-43.51,2418
56300,2371.98,-42.83,2420
56320,2372.23,-41.92,2420
56340,2372.41,-41.71,2421
56360,2372.63,-42.35,2423
56380,2372.88,-43.53,2423
56400,2373.11,-41.82,2424
56420,2373.37,-41.57,2425
56440,2373.63,-42.11,2427
56460,2373.91,-42.31,2429
56480,2374.16,-41.26,2430
56500,2374.41,-41.05,2430
56520,2374.67,-41.37,2431
56540,2374.94,-40.79,2432
56560,2375.21,-41.49,2434
56580,2375.51,-41.26,2434
56600,2375.81,-41.04,2434
56620,2376.08,-40.62,2435
56640,2376.34,-40.26,2436
56660,2376.65,-40.54,2439
56680,2377,-40.83,2440
56700,2377.33,-39.77,2441
56720,2377.65,-39.54,2441
56740,2377.97,-40.32,2442
56760,2378.3,-39.99,2443
56780,2378.63,-40.23,2446
56800,2378.95,-40.48,2447
56820,2379.26,-39.28,2448
56840,2379.54,-40.36,2448
56860,2379.82,-41.04,2449
56880,2380.13,-41.44,2451
56900,2380.42,-40.03,2453
56920,2380.74,-40.16,2453
56940,2381.01,-40.1,2455
56960,2381.32,-40.58,2456
56980,2381.61,-41.01,2457
57000,2381.91,-40.63,2457
57020,2382.2,-39.37,2459
57040,2382.49,-40.95,2460
57060,2382.79,-41.48,2460
57080,2383.1,-41.67,2461
57100,2383.42,-40.14,2462
57120,2383.74,-40.83,2463
57140,2384.07,-40.46,2464
57160,2384.33,-40.8,2466
57180,2384.6,-40.67,2466
57200,2384.93,-39.53,2466
57220,2385.22,-40.79,2467
57240,2385.53,-40.53,2468
57260,2385.85,-40.43,2468
57280,2386.16,-40.64,2469
57300,2386.45,-40.69,2469
57320,2386.76,-39.97,2470
57340,2387.04,-39.92,2471
57360,2387.36,-39.3,2472
57380,2387.67,-39.72,2473
57400,2387.96,-39.73,2473
57420,2388.26,-40.48,2473
57440,2388.56,-39.38,2474
57460,2388.88,-39.61,2475
57480,2389.2,-39.24,2475
57500,2389.51,-40.63,2476
57520,2389.81,-39.16,2477
57540,2390.11,-39.04,2477
57560,2390.42,-39.48,2477
57580,2390.74,-40.01,2478
57600,2391.08,-38.17,2479
57620,2391.43,-39.17,2479
57640,2391.79,-39.66,2480
57660,2392.15,-38.46,2481
57680,2392.5,-40.59,2482
57700,2392.8,-39.21,2483
57720,2393.12,-39.59,2484
57740,2393.47,-39.53,2485
57760,2393.79,-39.08,2486
57780,2394.15,-38.8,2486
57800,2394.54,-38.59,2486
57820,2394.9,-38.76,2488
57840,2395.3,-38.88,2488
57860,2395.68,-38.81,2489
57880,2396.09,-38.26,2489
57900,2396.44,-39.6,2490
57920,2396.75,-39.97,2492
57940,2397.08,-40.21,2492
57960,2397.35,-40.01,2494
57980,2397.67,-40.02,2495
58000,2398.03,-38.17,2495
58020,2398.38,-38.26,2497
58040,2398.78,-38.92,2497
58060,2399.05,-42.24,2499
58080,2399.33,-42.1,2500
58100,2399.56,-41.46,2501
58120,2399.8,-42.91,2502
58140,2400.08,-41.18,2504
58160,2400.34,-42.57,2505
58180,2400.66,-40.52,2508
58200,2401.05,-38.39,2508
58220,2401.44,-38.96,2509
58240,2401.88,-37.84,2510
58260,2402.28,-38.71,2510
58280,2402.55,-42.03,2511
58300,2402.87,-41.86,2513
58320,2403.13,-41,2514
58340,2403.37,-43.11,2515
58360,2403.66,-42.13,2516
58380,2403.91,-43.1,2518
58400,2404.14,-41.94,2519
58420,2404.37,-43.46,2520
58440,2404.61,-41.94,2521
58460,2404.83,-41.94,2523
58480,2405.07,-42.29,2524
58500,2405.27,-43.36,2525
58520,2405.51,-42.02,2527
58540,2405.73,-42.57,2527
58560,2406.01,-41.92,2528
58580,2406.3,-40.69,2530
58600,2406.62,-40.96,2530
58620,2406.92,-40.94,2531
58640,2407.26,-39.03,2533
58660,2407.6,-39.39,2534
58680,2407.97,-38.98,2535
58700,2408.32,-39.94,2537
58720,2408.74,-38.21,2538
58740,2409.12,-39.35,2539
58760,2409.45,-39.84,2540
58780,2409.78,-40.37,2540
58800,2410.07,-41.51,2541
58820,2410.35,-40.6,2542
58840,2410.65,-40.52,2542
58860,2410.98,-40.33,2544
58880,2411.3,-38.86,2545
58900,2411.65,-39.38,2546
58920,2411.98,-38.44,2548
58940,2412.36,-38.65,2549
58960,2412.76,-38.42,2550
58980,2413.11,-37.91,2551
59000,2413.49,-38.37,2552
59020,2413.89,-38.16,2553
59040,2414.29,-37.59,2554
59060,2414.72,-37.81,2556
59080,2415.01,-40.86,2557
59100,2415.29,-42.17,2558
59120,2415.53,-42.71,2559
59140,2415.78,-41.93,2561
59160,2416.03,-44.18,2561
59180,2416.26,-41.74,2562
59200,2416.48,-42.64,2563
59220,2416.72,-43.14,2563
59240,2416.96,-44.35,2564
59260,2417.17,-42.76,2566
59280,2417.39,-41.3,2568
59300,2417.66,-42.48,2569
59320,2417.95,-40.53,2570
59340,2418.34,-37.6,2570
59360,2418.74,-38.46,2571
59380,2419.2,-37.7,2572
59400,2419.63,-37.7,2573
59420,2420.05,-38.16,2573
59440,2420.44,-39.78,2573
59460,2420.74,-42.31,2574
59480,2420.98,-41.86,2576
59500,2421.22,-41.75,2577
59520,2421.46,-42.8,2579
59540,2421.67,-44.27,2579
59560,2421.88,-44.2,2581
59580,2422.09,-42.53,2582
59600,2422.3,-43.73,2583
59620,2422.55,-43.68,2584
59640,2422.75,-42.81,2585
59660,2422.95,-43.24,2586
59680,2423.16,-42.71,2587
59700,2423.39,-42.9,2589
59720,2423.62,-42.13,2591
59740,2423.83,-41.62,2591
59760,2424.04,-41.98,2593
59780,2424.28,-43.74,2594
59800,2424.51,-42.79,2595
59820,2424.73,-44.04,2596
59840,2424.95,-44.15,2597
59860,2425.16,-43.67,2598
59880,2425.36,-42.12,2598
59900,2425.55,-43.86,2599
59920,2425.76,-42.74,2599
59940,2425.95,-41.56,2601
59960,2426.17,-42.86,2601
59980,2426.39,-43.55,2601
60000,2426.6,-43.35,2601
